SET NAMES utf8mb4;
USE doctor_platform;

START TRANSACTION;

INSERT INTO sys_role (role_id, role_code, role_name, description, status, created_at) VALUES
(1, 'SUPER_ADMIN', '系统管理员', '拥有平台基础配置和用户管理权限', 1, '2026-01-01 08:00:00'),
(2, 'REGISTRATION_DOCTOR', '挂号医生', '负责挂号确认和候诊管理', 1, '2026-01-01 08:00:00'),
(3, 'OUTPATIENT_DOCTOR', '门诊医生', '负责门诊接诊、病历和医嘱', 1, '2026-01-01 08:00:00'),
(4, 'EXAM_DOCTOR', '检查医生', '负责影像、心电、内镜等检查', 1, '2026-01-01 08:00:00'),
(5, 'LAB_DOCTOR', '检验医生', '负责检验执行和报告审核', 1, '2026-01-01 08:00:00'),
(6, 'PHARMACY_DOCTOR', '药房医生', '负责处方发药和退药审核', 1, '2026-01-01 08:00:00'),
(7, 'BILLING_STAFF', '收费员', '收费、退费和医保结算', 0, '2026-01-01 08:00:00'),
(8, 'TRIAGE_NURSE', '分诊护士', '门诊分诊台工作角色', 0, '2026-01-01 08:00:00'),
(9, 'DATA_AUDITOR', '数据审核员', '运营数据审计角色', 0, '2026-01-01 08:00:00'),
(10, 'AI_MANAGER', 'AI配置管理员', 'AI模型和提示词维护角色', 0, '2026-01-01 08:00:00'),
(11, 'GUEST', '访客角色', '停用的演示访客角色', 0, '2026-01-01 08:00:00'),
(12, 'PATIENT', '患者', '患者端登录角色', 1, '2026-01-01 08:00:00');

INSERT INTO department (dept_id, parent_id, dept_code, dept_name, dept_type, floor, phone, location, description, status, sort_order, created_at) VALUES
(1, NULL, 'OUT-CARD', '心血管内科', 'OUTPATIENT', '2F', '021-62010001', '门诊楼二层A区', '高血压、冠心病、心律失常门诊', 1, 1, '2026-01-02 08:00:00'),
(2, NULL, 'OUT-RESP', '呼吸与危重症医学科', 'OUTPATIENT', '2F', '021-62010002', '门诊楼二层B区', '咳嗽、哮喘、肺部感染门诊', 1, 2, '2026-01-02 08:00:00'),
(3, NULL, 'OUT-GAST', '消化内科', 'OUTPATIENT', '3F', '021-62010003', '门诊楼三层A区', '胃炎、腹痛、肝胆胰疾病门诊', 1, 3, '2026-01-02 08:00:00'),
(4, NULL, 'OUT-ENDO', '内分泌科', 'OUTPATIENT', '3F', '021-62010004', '门诊楼三层B区', '糖尿病、甲状腺疾病门诊', 1, 4, '2026-01-02 08:00:00'),
(5, NULL, 'OUT-PED', '儿科门诊', 'OUTPATIENT', '1F', '021-62010005', '门诊楼一层儿科区', '儿童常见病和慢病复诊', 0, 5, '2026-01-02 08:00:00'),
(6, NULL, 'LAB-CLIN', '临床检验科', 'LAB', '4F', '021-62010006', '医技楼四层A区', '血常规、尿常规、便常规', 1, 6, '2026-01-02 08:00:00'),
(7, NULL, 'LAB-BIO', '生化检验室', 'LAB', '4F', '021-62010007', '医技楼四层B区', '肝肾功能、血糖血脂检测', 1, 7, '2026-01-02 08:00:00'),
(8, NULL, 'LAB-IMM', '免疫检验室', 'LAB', '4F', '021-62010008', '医技楼四层C区', '感染免疫和肿瘤标志物检测', 1, 8, '2026-01-02 08:00:00'),
(9, NULL, 'LAB-MIC', '微生物检验室', 'LAB', '4F', '021-62010009', '医技楼四层D区', '痰培养、药敏和病原学检测', 1, 9, '2026-01-02 08:00:00'),
(10, NULL, 'LAB-PATH', '病理检验室', 'LAB', '5F', '021-62010010', '医技楼五层A区', '病理取材和细胞学检查', 0, 10, '2026-01-02 08:00:00'),
(11, NULL, 'EXAM-DR', '放射科', 'EXAM', '1F', '021-62010011', '医技楼一层A区', 'DR、胃肠造影检查', 1, 11, '2026-01-02 08:00:00'),
(12, NULL, 'EXAM-US', '超声医学科', 'EXAM', '2F', '021-62010012', '医技楼二层A区', '腹部、甲状腺、心脏超声', 1, 12, '2026-01-02 08:00:00'),
(13, NULL, 'EXAM-CT', 'CT室', 'EXAM', '1F', '021-62010013', '医技楼一层B区', '头胸腹部CT检查', 1, 13, '2026-01-02 08:00:00'),
(14, NULL, 'EXAM-ECG', '心电图室', 'EXAM', '2F', '021-62010014', '医技楼二层B区', '常规心电图和动态心电图', 1, 14, '2026-01-02 08:00:00'),
(15, NULL, 'EXAM-ENDO', '内镜中心', 'EXAM', '3F', '021-62010015', '医技楼三层A区', '胃镜、肠镜和呼气试验', 0, 15, '2026-01-02 08:00:00'),
(16, NULL, 'PHA-OUT', '门诊西药房', 'PHARMACY', '1F', '021-62010016', '门诊楼一层药房', '门诊处方审核与发药', 1, 16, '2026-01-02 08:00:00'),
(17, NULL, 'PHA-TCM', '中药房', 'PHARMACY', '1F', '021-62010017', '门诊楼一层中药房', '中成药和中药饮片发放', 1, 17, '2026-01-02 08:00:00'),
(18, NULL, 'PHA-ER', '急诊药房', 'PHARMACY', '1F', '021-62010018', '急诊楼一层', '急诊处方发药', 1, 18, '2026-01-02 08:00:00'),
(19, NULL, 'PHA-CHRONIC', '慢病药房', 'PHARMACY', '1F', '021-62010019', '门诊楼一层慢病窗口', '高血压糖尿病长期处方', 1, 19, '2026-01-02 08:00:00'),
(20, NULL, 'PHA-CONSULT', '药学咨询室', 'PHARMACY', '1F', '021-62010020', '门诊楼一层咨询区', '用药咨询和退药审核', 0, 20, '2026-01-02 08:00:00'),
(21, NULL, 'BIL-OUT', '门诊收费处', 'BILLING', '1F', '021-62010021', '门诊楼一层收费区', '门诊缴费窗口', 1, 21, '2026-01-02 08:00:00'),
(22, NULL, 'BIL-REG', '挂号收费处', 'BILLING', '1F', '021-62010022', '门诊楼一层挂号区', '挂号费收取与确认', 1, 22, '2026-01-02 08:00:00'),
(23, NULL, 'BIL-REFUND', '退费窗口', 'BILLING', '1F', '021-62010023', '门诊楼一层退费区', '挂号、处方、检查退费', 1, 23, '2026-01-02 08:00:00'),
(24, NULL, 'BIL-INS', '医保结算处', 'BILLING', '1F', '021-62010024', '门诊楼一层医保区', '医保审核与结算', 1, 24, '2026-01-02 08:00:00'),
(25, NULL, 'BIL-SELF', '自助缴费服务区', 'BILLING', '1F', '021-62010025', '门诊楼一层自助区', '自助缴费设备维护', 0, 25, '2026-01-02 08:00:00');

INSERT INTO medical_item (item_id, item_code, item_name, item_type, dept_id, unit, price, sample_type, clinical_meaning, status, created_at) VALUES
(1, 'EX-DR-CHEST', '胸部正位片', '检查', 11, '次', 80.00, NULL, '评估肺炎、胸腔积液及心影大小', 1, '2026-01-03 08:00:00'),
(2, 'EX-DR-ABD', '腹部立位片', '检查', 11, '次', 75.00, NULL, '筛查肠梗阻和腹腔游离气体', 1, '2026-01-03 08:00:00'),
(3, 'EX-US-ABD', '腹部彩超', '检查', 12, '次', 120.00, NULL, '评估肝胆胰脾肾结构异常', 1, '2026-01-03 08:00:00'),
(4, 'EX-US-THY', '甲状腺彩超', '检查', 12, '次', 110.00, NULL, '评估甲状腺结节和炎症', 1, '2026-01-03 08:00:00'),
(5, 'EX-CT-HEAD', '头颅CT平扫', '检查', 13, '次', 260.00, NULL, '筛查脑出血、脑梗死和颅内占位', 1, '2026-01-03 08:00:00'),
(6, 'EX-CT-CHEST', '胸部CT平扫', '检查', 13, '次', 320.00, NULL, '评估肺部感染、结节和胸膜病变', 1, '2026-01-03 08:00:00'),
(7, 'EX-ECG-12', '十二导联心电图', '检查', 14, '次', 35.00, NULL, '筛查心律失常、心肌缺血改变', 1, '2026-01-03 08:00:00'),
(8, 'EX-ECG-HOLTER', '动态心电图', '检查', 14, '次', 220.00, NULL, '评估阵发性心律失常', 1, '2026-01-03 08:00:00'),
(9, 'EX-ENDO-GAS', '电子胃镜', '检查', 15, '次', 380.00, NULL, '评估胃炎、溃疡和胃部占位', 1, '2026-01-03 08:00:00'),
(10, 'EX-ENDO-COL', '电子肠镜', '检查', 15, '次', 460.00, NULL, '评估肠炎、息肉和出血原因', 1, '2026-01-03 08:00:00'),
(11, 'LAB-CBC', '血常规', '检验', 6, '项', 25.00, '静脉血', '评估感染、贫血和血小板异常', 1, '2026-01-03 08:00:00'),
(12, 'LAB-CRP', 'C反应蛋白', '检验', 8, '项', 40.00, '静脉血', '辅助判断急性炎症程度', 1, '2026-01-03 08:00:00'),
(13, 'LAB-LFT', '肝功能八项', '检验', 7, '套', 85.00, '静脉血', '评估肝细胞损伤和胆汁淤积', 1, '2026-01-03 08:00:00'),
(14, 'LAB-RFT', '肾功能三项', '检验', 7, '套', 60.00, '静脉血', '评估肾小球滤过和尿酸水平', 1, '2026-01-03 08:00:00'),
(15, 'LAB-GLU', '空腹血糖', '检验', 7, '项', 12.00, '静脉血', '筛查和监测糖代谢异常', 1, '2026-01-03 08:00:00'),
(16, 'LAB-UA', '尿常规', '检验', 6, '项', 18.00, '尿液', '筛查泌尿系感染、蛋白尿和血尿', 1, '2026-01-03 08:00:00'),
(17, 'LAB-UACR', '尿微量白蛋白肌酐比', '检验', 7, '项', 45.00, '尿液', '糖尿病肾病早期筛查', 1, '2026-01-03 08:00:00'),
(18, 'LAB-UPT', '尿妊娠试验', '检验', 6, '项', 22.00, '尿液', '检测尿HCG水平', 1, '2026-01-03 08:00:00'),
(19, 'LAB-URINE-CUL', '尿培养加药敏', '检验', 9, '项', 120.00, '尿液', '明确泌尿系感染病原和药敏', 1, '2026-01-03 08:00:00'),
(20, 'LAB-URINE-KET', '尿酮体定量', '检验', 6, '项', 20.00, '尿液', '评估糖尿病酮症风险', 1, '2026-01-03 08:00:00'),
(21, 'LAB-FOBT', '粪便隐血试验', '检验', 6, '项', 18.00, '粪便', '筛查消化道出血', 1, '2026-01-03 08:00:00'),
(22, 'LAB-STOOL', '粪便常规', '检验', 6, '项', 16.00, '粪便', '评估肠道感染和消化吸收异常', 1, '2026-01-03 08:00:00'),
(23, 'LAB-STOOL-CUL', '粪便培养', '检验', 9, '项', 110.00, '粪便', '明确肠道感染病原', 1, '2026-01-03 08:00:00'),
(24, 'LAB-HP-AG', '幽门螺杆菌粪便抗原', '检验', 8, '项', 95.00, '粪便', '辅助诊断幽门螺杆菌感染', 1, '2026-01-03 08:00:00'),
(25, 'LAB-PARA', '粪便寄生虫卵检查', '检验', 6, '项', 28.00, '粪便', '筛查肠道寄生虫感染', 0, '2026-01-03 08:00:00'),
(26, 'LAB-SPUT-CUL', '痰培养加药敏', '检验', 9, '项', 130.00, '痰液', '明确下呼吸道感染病原和药敏', 0, '2026-01-03 08:00:00'),
(27, 'LAB-SPUT-AFB', '痰抗酸杆菌涂片', '检验', 9, '项', 45.00, '痰液', '筛查肺结核感染', 0, '2026-01-03 08:00:00'),
(28, 'LAB-SPUT-FUNG', '痰真菌涂片', '检验', 9, '项', 42.00, '痰液', '筛查呼吸道真菌感染', 0, '2026-01-03 08:00:00'),
(29, 'LAB-SPUT-CELL', '痰液细胞学检查', '检验', 10, '项', 90.00, '痰液', '辅助判断气道炎症和肿瘤细胞', 0, '2026-01-03 08:00:00'),
(30, 'LAB-SPUT-PCR', '呼吸道病原核酸检测', '检验', 9, '项', 160.00, '痰液', '检测常见呼吸道病毒和非典型病原', 0, '2026-01-03 08:00:00');

INSERT INTO drug (drug_id, drug_code, drug_name, specification, dosage_form, manufacturer, unit, sale_price, stock_quantity, warning_quantity, contraindication, status, created_at) VALUES
(1, 'DRUG-AMOX-025', '阿莫西林胶囊', '0.25g*24粒', '胶囊剂', '华北制药股份有限公司', '盒', 18.50, 500.00, 80.00, '青霉素过敏者禁用', 1, '2026-01-03 09:00:00'),
(2, 'DRUG-CEFU-025', '头孢呋辛酯片', '0.25g*12片', '片剂', '广州白云山制药', '盒', 32.00, 360.00, 60.00, '头孢菌素过敏者禁用', 1, '2026-01-03 09:00:00'),
(3, 'DRUG-AZI-025', '阿奇霉素分散片', '0.25g*6片', '片剂', '石药集团欧意药业', '盒', 28.00, 280.00, 50.00, '大环内酯类过敏者禁用', 1, '2026-01-03 09:00:00'),
(4, 'DRUG-IBU-02', '布洛芬缓释胶囊', '0.3g*20粒', '胶囊剂', '中美天津史克制药', '盒', 22.50, 420.00, 60.00, '活动性消化性溃疡患者慎用', 1, '2026-01-03 09:00:00'),
(5, 'DRUG-PARA-05', '对乙酰氨基酚片', '0.5g*12片', '片剂', '上海信谊天平药业', '盒', 8.00, 600.00, 100.00, '严重肝功能不全者禁用', 1, '2026-01-03 09:00:00'),
(6, 'DRUG-LORA-10', '氯雷他定片', '10mg*6片', '片剂', '拜耳医药保健', '盒', 19.80, 260.00, 40.00, '对本品过敏者禁用', 1, '2026-01-03 09:00:00'),
(7, 'DRUG-MONT-10', '孟鲁司特钠片', '10mg*5片', '片剂', '杭州默沙东制药', '盒', 45.00, 180.00, 30.00, '对本品任何成分过敏者禁用', 1, '2026-01-03 09:00:00'),
(8, 'DRUG-OMEP-20', '奥美拉唑肠溶胶囊', '20mg*14粒', '胶囊剂', '阿斯利康制药', '盒', 26.00, 390.00, 50.00, '对苯并咪唑类药物过敏者禁用', 1, '2026-01-03 09:00:00'),
(9, 'DRUG-METF-05', '盐酸二甲双胍片', '0.5g*20片', '片剂', '中美上海施贵宝制药', '盒', 12.00, 520.00, 80.00, '严重肾功能不全者禁用', 1, '2026-01-03 09:00:00'),
(10, 'DRUG-AMLO-5', '苯磺酸氨氯地平片', '5mg*14片', '片剂', '辉瑞制药', '盒', 34.00, 310.00, 50.00, '严重低血压患者禁用', 1, '2026-01-03 09:00:00'),
(11, 'DRUG-ATOR-20', '阿托伐他汀钙片', '20mg*7片', '片剂', '辉瑞制药', '盒', 42.00, 240.00, 40.00, '活动性肝病患者禁用', 1, '2026-01-03 09:00:00'),
(12, 'DRUG-ASP-100', '阿司匹林肠溶片', '100mg*30片', '片剂', '拜耳医药保健', '盒', 16.00, 460.00, 70.00, '活动性出血或阿司匹林过敏者禁用', 1, '2026-01-03 09:00:00'),
(13, 'DRUG-CETI-10', '盐酸西替利嗪片', '10mg*12片', '片剂', '成都恒瑞制药', '盒', 15.00, 210.00, 35.00, '严重肾功能损害者慎用', 1, '2026-01-03 09:00:00'),
(14, 'DRUG-LEV-50', '左甲状腺素钠片', '50ug*100片', '片剂', '默克制药', '盒', 29.00, 150.00, 25.00, '未经治疗的肾上腺功能不全者禁用', 1, '2026-01-03 09:00:00'),
(15, 'DRUG-ORS', '口服补液盐散', '5.125g*6袋', '散剂', '四川峨嵋山药业', '盒', 9.50, 300.00, 50.00, '严重脱水需静脉补液者不宜单用', 1, '2026-01-03 09:00:00'),
(16, 'DRUG-OLD-PEN', '复方青霉素片', '0.25g*24片', '片剂', '历史厂家', '盒', 6.00, 0.00, 20.00, '青霉素过敏者禁用', 0, '2026-01-03 09:00:00'),
(17, 'DRUG-OLD-COF', '复方甘草片', '100片', '片剂', '历史厂家', '瓶', 12.00, 0.00, 20.00, '妊娠期慎用', 0, '2026-01-03 09:00:00'),
(18, 'DRUG-OLD-ANT', '诺氟沙星胶囊', '0.1g*24粒', '胶囊剂', '历史厂家', '盒', 10.00, 0.00, 20.00, '未成年人禁用', 0, '2026-01-03 09:00:00'),
(19, 'DRUG-OLD-HYP', '复方利血平片', '100片', '片剂', '历史厂家', '瓶', 13.00, 0.00, 20.00, '抑郁症患者慎用', 0, '2026-01-03 09:00:00'),
(20, 'DRUG-OLD-GAS', '西咪替丁片', '0.2g*100片', '片剂', '历史厂家', '瓶', 18.00, 0.00, 20.00, '对本品过敏者禁用', 0, '2026-01-03 09:00:00');

INSERT INTO ai_role_config (config_id, role_code, role_name, provider, model_name, api_key_ref, enabled, remark, created_at) VALUES
(1, 'SCHEDULE_AI', '智能排班助手', 'simulated', 'simulated-schedule-v1', 'SIMULATED_KEY', 1, '根据历史就诊量给出排班建议', '2026-01-04 08:00:00'),
(2, 'TRIAGE_AI', '智能分诊助手', 'simulated', 'simulated-triage-v1', 'SIMULATED_KEY', 1, '根据主诉推荐科室和风险等级', '2026-01-04 08:00:00'),
(3, 'OUTPATIENT_AI', '门诊病历助手', 'simulated', 'simulated-outpatient-v1', 'SIMULATED_KEY', 1, '辅助生成问诊摘要和处置建议', '2026-01-04 08:00:00'),
(4, 'EXAM_REPORT_AI', '检查报告助手', 'simulated', 'simulated-exam-v1', 'SIMULATED_KEY', 1, '辅助影像报告草稿生成', '2026-01-04 08:00:00'),
(5, 'LAB_REPORT_AI', '检验报告助手', 'simulated', 'simulated-lab-v1', 'SIMULATED_KEY', 1, '辅助检验异常结果解释', '2026-01-04 08:00:00'),
(6, 'PRESCRIPTION_AI', '处方审核助手', 'deepseek', 'deepseek-chat', 'DEEPSEEK_KEY', 0, '处方相互作用和过敏风险提示', '2026-01-04 08:00:00'),
(7, 'PHARMACY_AI', '药房咨询助手', 'deepseek', 'deepseek-chat', 'DEEPSEEK_KEY', 0, '用药咨询和退药原因归纳', '2026-01-04 08:00:00'),
(8, 'BILLING_AI', '收费说明助手', 'deepseek', 'deepseek-chat', 'DEEPSEEK_KEY', 0, '解释收费项目和退费规则', '2026-01-04 08:00:00'),
(9, 'FOLLOWUP_AI', '随访建议助手', 'deepseek', 'deepseek-chat', 'DEEPSEEK_KEY', 0, '生成复诊和随访建议', '2026-01-04 08:00:00'),
(10, 'QUALITY_AI', '质控审核助手', 'deepseek', 'deepseek-chat', 'DEEPSEEK_KEY', 0, '病历完整性质控提示', '2026-01-04 08:00:00');

INSERT INTO sys_user (user_id, role_id, username, password, real_name, phone, email, status, last_login_at, created_at) VALUES
(1, 1, 'admin_chen', '{noop}Admin@123', '陈立国', '13800010001', 'chenlg@hospital.local', 1, '2026-06-29 08:05:00', '2026-01-05 08:00:00'),
(2, 1, 'admin_wang', '{noop}Admin@123', '王雅楠', '13800010002', 'wangyn@hospital.local', 1, '2026-06-29 08:10:00', '2026-01-05 08:00:00'),
(3, 1, 'admin_li', '{noop}Admin@123', '李明远', '13800010003', 'limy@hospital.local', 1, '2026-06-29 08:20:00', '2026-01-05 08:00:00'),
(4, 1, 'admin_zhao', '{noop}Admin@123', '赵静怡', '13800010004', 'zhaojy@hospital.local', 1, '2026-06-29 08:30:00', '2026-01-05 08:00:00'),
(5, 1, 'admin_sun', '{noop}Admin@123', '孙启航', '13800010005', 'sunqh@hospital.local', 1, '2026-06-29 08:35:00', '2026-01-05 08:00:00'),
(6, 2, 'doc_reg_lu', '{noop}Doctor@123', '陆嘉宁', '13800020001', 'lujn@hospital.local', 1, '2026-06-29 07:50:00', '2026-01-05 08:00:00'),
(7, 2, 'doc_reg_gao', '{noop}Doctor@123', '高思远', '13800020002', 'gaosy@hospital.local', 1, '2026-06-29 07:55:00', '2026-01-05 08:00:00'),
(8, 2, 'doc_reg_fang', '{noop}Doctor@123', '方若琳', '13800020003', 'fangrl@hospital.local', 1, '2026-06-29 07:58:00', '2026-01-05 08:00:00'),
(9, 2, 'doc_reg_ma', '{noop}Doctor@123', '马承泽', '13800020004', 'macz@hospital.local', 1, '2026-06-29 08:01:00', '2026-01-05 08:00:00'),
(10, 2, 'doc_reg_shen', '{noop}Doctor@123', '沈清和', '13800020005', 'shenqh@hospital.local', 1, '2026-06-29 08:03:00', '2026-01-05 08:00:00'),
(11, 3, 'doc_out_zhou', '{noop}Doctor@123', '周彦博', '13800020006', 'zhouyb@hospital.local', 1, '2026-06-29 08:06:00', '2026-01-05 08:00:00'),
(12, 3, 'doc_out_qin', '{noop}Doctor@123', '秦雨薇', '13800020007', 'qinyw@hospital.local', 1, '2026-06-29 08:08:00', '2026-01-05 08:00:00'),
(13, 3, 'doc_out_xu', '{noop}Doctor@123', '徐皓然', '13800020008', 'xuhr@hospital.local', 1, '2026-06-29 08:11:00', '2026-01-05 08:00:00'),
(14, 3, 'doc_out_tang', '{noop}Doctor@123', '唐婉清', '13800020009', 'tangwq@hospital.local', 1, '2026-06-29 08:15:00', '2026-01-05 08:00:00'),
(15, 3, 'doc_out_he', '{noop}Doctor@123', '何俊驰', '13800020010', 'hejc@hospital.local', 1, '2026-06-29 08:18:00', '2026-01-05 08:00:00'),
(16, 4, 'doc_exam_yu', '{noop}Doctor@123', '于景澄', '13800020011', 'yujc@hospital.local', 1, '2026-06-29 08:22:00', '2026-01-05 08:00:00'),
(17, 4, 'doc_exam_liao', '{noop}Doctor@123', '廖芷晴', '13800020012', 'liaozq@hospital.local', 1, '2026-06-29 08:25:00', '2026-01-05 08:00:00'),
(18, 4, 'doc_exam_peng', '{noop}Doctor@123', '彭子墨', '13800020013', 'pengzm@hospital.local', 1, '2026-06-29 08:28:00', '2026-01-05 08:00:00'),
(19, 4, 'doc_exam_hu', '{noop}Doctor@123', '胡语桐', '13800020014', 'huyt@hospital.local', 1, '2026-06-29 08:31:00', '2026-01-05 08:00:00'),
(20, 4, 'doc_exam_xie', '{noop}Doctor@123', '谢远航', '13800020015', 'xieyh@hospital.local', 1, '2026-06-29 08:34:00', '2026-01-05 08:00:00'),
(21, 5, 'doc_lab_han', '{noop}Doctor@123', '韩书瑶', '13800020016', 'hansy@hospital.local', 1, '2026-06-29 08:37:00', '2026-01-05 08:00:00'),
(22, 5, 'doc_lab_song', '{noop}Doctor@123', '宋景行', '13800020017', 'songjx@hospital.local', 1, '2026-06-29 08:40:00', '2026-01-05 08:00:00'),
(23, 5, 'doc_lab_deng', '{noop}Doctor@123', '邓可欣', '13800020018', 'dengkx@hospital.local', 1, '2026-06-29 08:43:00', '2026-01-05 08:00:00'),
(24, 5, 'doc_lab_pan', '{noop}Doctor@123', '潘泽宇', '13800020019', 'panzy@hospital.local', 1, '2026-06-29 08:46:00', '2026-01-05 08:00:00'),
(25, 5, 'doc_lab_luo', '{noop}Doctor@123', '罗安琪', '13800020020', 'luoaq@hospital.local', 1, '2026-06-29 08:49:00', '2026-01-05 08:00:00'),
(26, 6, 'doc_pha_jin', '{noop}Doctor@123', '金亦辰', '13800020021', 'jinyc@hospital.local', 1, '2026-06-29 08:52:00', '2026-01-05 08:00:00'),
(27, 6, 'doc_pha_yang', '{noop}Doctor@123', '杨舒涵', '13800020022', 'yangsh@hospital.local', 1, '2026-06-29 08:55:00', '2026-01-05 08:00:00'),
(28, 6, 'doc_pha_jiang', '{noop}Doctor@123', '蒋泽林', '13800020023', 'jiangzl@hospital.local', 1, '2026-06-29 08:58:00', '2026-01-05 08:00:00'),
(29, 6, 'doc_pha_ding', '{noop}Doctor@123', '丁婉仪', '13800020024', 'dingwy@hospital.local', 1, '2026-06-29 09:01:00', '2026-01-05 08:00:00'),
(30, 6, 'doc_pha_xiao', '{noop}Doctor@123', '肖明哲', '13800020025', 'xiaomz@hospital.local', 1, '2026-06-29 09:04:00', '2026-01-05 08:00:00'),
(31, 12, 'patient_guo', '{noop}Patient@123', '郭晓彤', '13900030001', 'guoxt@example.com', 1, '2026-06-28 10:00:00', '2026-01-06 08:00:00'),
(32, 12, 'patient_liao', '{noop}Patient@123', '廖文斌', '13900030002', 'liaowb@example.com', 1, '2026-06-28 10:05:00', '2026-01-06 08:00:00'),
(33, 12, 'patient_cai', '{noop}Patient@123', '蔡雨萌', '13900030003', 'caiym@example.com', 1, '2026-06-28 10:10:00', '2026-01-06 08:00:00'),
(34, 12, 'patient_yuan', '{noop}Patient@123', '袁志强', '13900030004', 'yuanzq@example.com', 1, '2026-06-28 10:15:00', '2026-01-06 08:00:00'),
(35, 12, 'patient_zheng', '{noop}Patient@123', '郑欣怡', '13900030005', 'zhengxy@example.com', 1, '2026-06-28 10:20:00', '2026-01-06 08:00:00'),
(36, 12, 'patient_lu', '{noop}Patient@123', '卢浩然', '13900030006', 'luhr@example.com', 0, NULL, '2026-01-06 08:00:00'),
(37, 12, 'patient_fan', '{noop}Patient@123', '范婧雯', '13900030007', 'fanjw@example.com', 0, NULL, '2026-01-06 08:00:00'),
(38, 12, 'patient_ke', '{noop}Patient@123', '柯明轩', '13900030008', 'kemx@example.com', 0, NULL, '2026-01-06 08:00:00'),
(39, 12, 'patient_qiu', '{noop}Patient@123', '邱若溪', '13900030009', 'qiurx@example.com', 0, NULL, '2026-01-06 08:00:00'),
(40, 12, 'patient_yin', '{noop}Patient@123', '殷子涵', '13900030010', 'yinzh@example.com', 0, NULL, '2026-01-06 08:00:00');

INSERT INTO patient (patient_id, user_id, patient_no, patient_name, gender, birthday, id_card, phone, emergency_contact, emergency_phone, address, allergy_history, past_history, status, created_at) VALUES
(1, 31, 'P20260001', '郭晓彤', '女', '1994-03-12', '310101199403120021', '13900030001', '郭建民', '13910030001', '上海市徐汇区斜土路1188号', '青霉素皮疹史', '过敏性鼻炎5年', 1, '2026-01-06 08:00:00'),
(2, 32, 'P20260002', '廖文斌', '男', '1986-11-05', '310101198611050034', '13900030002', '陈丽华', '13910030002', '上海市浦东新区张杨路800号', '无明确药物过敏史', '高血压病史3年', 1, '2026-01-06 08:00:00'),
(3, 33, 'P20260003', '蔡雨萌', '女', '2018-07-21', '310101201807210047', '13900030003', '蔡明', '13910030003', '上海市闵行区莘庄镇春申路66号', '头孢类药物过敏', '反复上呼吸道感染', 1, '2026-01-06 08:00:00'),
(4, 34, 'P20260004', '袁志强', '男', '1972-01-18', '310101197201180050', '13900030004', '王秀兰', '13910030004', '上海市静安区共和新路1800号', '无', '2型糖尿病8年，脂肪肝', 1, '2026-01-06 08:00:00'),
(5, 35, 'P20260005', '郑欣怡', '女', '2001-09-02', '310101200109020063', '13900030005', '郑海峰', '13910030005', '上海市杨浦区控江路1200号', '海鲜过敏', '慢性胃炎病史2年', 1, '2026-01-06 08:00:00'),
(6, 36, 'P20260006', '卢浩然', '男', '2015-04-09', '310101201504090076', '13900030006', '卢国强', '13910030006', '上海市长宁区天山路320号', '无', '支气管哮喘间断发作', 0, '2026-01-06 08:00:00'),
(7, 37, 'P20260007', '范婧雯', '女', '1961-12-30', '310101196112300089', '13900030007', '范建军', '13910030007', '上海市普陀区金沙江路500号', '磺胺类药物过敏', '冠心病，支架术后', 0, '2026-01-06 08:00:00'),
(8, 38, 'P20260008', '柯明轩', '男', '1954-06-15', '310101195406150092', '13900030008', '柯云', '13910030008', '上海市虹口区四川北路998号', '无', '慢性阻塞性肺疾病10年', 0, '2026-01-06 08:00:00'),
(9, 39, 'P20260009', '邱若溪', '女', '1999-02-26', '310101199902260105', '13900030009', '邱志国', '13910030009', '上海市宝山区友谊路88号', '阿司匹林诱发胃痛', '偏头痛病史', 0, '2026-01-06 08:00:00'),
(10, 40, 'P20260010', '殷子涵', '男', '2021-10-04', '310101202110040118', '13900030010', '殷晓东', '13910030010', '上海市青浦区盈港路260号', '牛奶蛋白过敏', '湿疹反复发作', 0, '2026-01-06 08:00:00'),
(11, NULL, 'P20260011', '苏景澜', '女', '1989-08-14', '310101198908140121', '13900030011', '苏建平', '13910030011', '上海市浦东新区南泉路98号', '无', '甲状腺结节随访', 1, '2026-01-06 08:00:00'),
(12, NULL, 'P20260012', '程宇航', '男', '1991-05-27', '310101199105270134', '13900030012', '程卫东', '13910030012', '上海市黄浦区陆家浜路118号', '无', '慢性咽炎', 1, '2026-01-06 08:00:00'),
(13, NULL, 'P20260013', '白若兰', '女', '1979-03-07', '310101197903070147', '13900030013', '白志明', '13910030013', '上海市松江区九亭大街330号', '青霉素过敏', '胆囊结石术后', 1, '2026-01-06 08:00:00'),
(14, NULL, 'P20260014', '崔俊杰', '男', '1968-09-19', '310101196809190150', '13900030014', '崔丽', '13910030014', '上海市嘉定区新成路120号', '无', '高血压10年，慢性胃炎', 1, '2026-01-06 08:00:00'),
(15, NULL, 'P20260015', '姜语嫣', '女', '2008-01-11', '310101200801110163', '13900030015', '姜海', '13910030015', '上海市奉贤区南桥镇育秀路77号', '芒果过敏', '过敏性皮炎', 1, '2026-01-06 08:00:00'),
(16, NULL, 'P20260016', '魏晨曦', '男', '1948-12-03', '310101194812030176', '13900030016', '魏芳', '13910030016', '上海市徐汇区龙华西路99号', '无', '慢性肾功能不全，高血压', 1, '2026-01-06 08:00:00'),
(17, NULL, 'P20260017', '林沐晴', '女', '1996-06-22', '310101199606220189', '13900030017', '林建', '13910030017', '上海市长宁区仙霞路88号', '无', '缺铁性贫血', 1, '2026-01-06 08:00:00'),
(18, NULL, 'P20260018', '许博文', '男', '1981-04-01', '310101198104010192', '13900030018', '许敏', '13910030018', '上海市静安区南京西路1000号', '酒精过敏', '脂肪肝，高尿酸血症', 1, '2026-01-06 08:00:00'),
(19, NULL, 'P20260019', '宋佳怡', '女', '2012-11-13', '310101201211130205', '13900030019', '宋晨', '13910030019', '上海市虹口区曲阳路66号', '无', '鼻窦炎反复', 1, '2026-01-06 08:00:00'),
(20, NULL, 'P20260020', '董泽民', '男', '1959-07-08', '310101195907080218', '13900030020', '董秀华', '13910030020', '上海市浦东新区民生路600号', '无', '2型糖尿病，周围神经病变', 1, '2026-01-06 08:00:00'),
(21, NULL, 'P20260021', '任诗涵', '女', '1975-10-24', '310101197510240221', '13900030021', '任国华', '13910030021', '上海市闵行区虹梅路388号', '头孢呋辛皮疹史', '慢性胆囊炎', 1, '2026-01-06 08:00:00'),
(22, NULL, 'P20260022', '邵逸凡', '男', '1998-12-16', '310101199812160234', '13900030022', '邵军', '13910030022', '上海市普陀区真北路700号', '无', '运动性膝关节损伤', 1, '2026-01-06 08:00:00'),
(23, NULL, 'P20260023', '戴梦琪', '女', '1984-02-09', '310101198402090247', '13900030023', '戴强', '13910030023', '上海市杨浦区国定路550号', '无', '甲状腺功能减退', 1, '2026-01-06 08:00:00'),
(24, NULL, 'P20260024', '孔令涛', '男', '1970-05-06', '310101197005060250', '13900030024', '孔丽', '13910030024', '上海市宝山区牡丹江路188号', '无', '冠心病，血脂异常', 1, '2026-01-06 08:00:00'),
(25, NULL, 'P20260025', '顾安然', '女', '2003-03-29', '310101200303290263', '13900030025', '顾伟', '13910030025', '上海市青浦区华青南路222号', '花粉过敏', '过敏性结膜炎', 1, '2026-01-06 08:00:00'),
(26, NULL, 'P20260026', '贺子昂', '男', '2019-08-18', '310101201908180276', '13900030026', '贺明', '13910030026', '上海市奉贤区金海公路88号', '鸡蛋过敏', '儿童哮喘缓解期', 1, '2026-01-06 08:00:00'),
(27, NULL, 'P20260027', '梅雪晴', '女', '1965-01-25', '310101196501250289', '13900030027', '梅华', '13910030027', '上海市松江区中山中路76号', '无', '骨质疏松，高血压', 1, '2026-01-06 08:00:00'),
(28, NULL, 'P20260028', '钱昊天', '男', '1990-09-30', '310101199009300292', '13900030028', '钱峰', '13910030028', '上海市嘉定区嘉定镇清河路90号', '无', '胃食管反流病', 1, '2026-01-06 08:00:00'),
(29, NULL, 'P20260029', '石婉婷', '女', '1988-06-03', '310101198806030305', '13900030029', '石明', '13910030029', '上海市黄浦区中华路200号', '磺胺类药物过敏', '反复尿路感染', 1, '2026-01-06 08:00:00'),
(30, NULL, 'P20260030', '龙嘉树', '男', '1952-04-20', '310101195204200318', '13900030030', '龙萍', '13910030030', '上海市浦东新区金桥路780号', '无', '慢性阻塞性肺疾病，肺气肿', 1, '2026-01-06 08:00:00'),
(31, NULL, 'P20260031', '叶清妍', '女', '2000-12-12', '310101200012120321', '13900030031', '叶建国', '13910030031', '上海市长宁区虹桥路600号', '无', '功能性消化不良', 1, '2026-01-06 08:00:00'),
(32, NULL, 'P20260032', '田嘉木', '男', '1983-07-17', '310101198307170334', '13900030032', '田秀云', '13910030032', '上海市徐汇区漕溪北路88号', '无', '高尿酸血症', 1, '2026-01-06 08:00:00'),
(33, NULL, 'P20260033', '江映雪', '女', '1977-11-28', '310101197711280347', '13900030033', '江涛', '13910030033', '上海市静安区万航渡路260号', '青霉素过敏', '慢性支气管炎', 1, '2026-01-06 08:00:00'),
(34, NULL, 'P20260034', '莫子轩', '男', '2006-05-14', '310101200605140350', '13900030034', '莫海', '13910030034', '上海市虹口区广中路188号', '无', '过敏性鼻炎', 1, '2026-01-06 08:00:00'),
(35, NULL, 'P20260035', '贾思琪', '女', '2016-02-07', '310101201602070363', '13900030035', '贾宁', '13910030035', '上海市宝山区蕰川路500号', '牛奶蛋白过敏', '湿疹，反复咳嗽', 1, '2026-01-06 08:00:00'),
(36, NULL, 'P20260036', '熊伟峰', '男', '1962-10-10', '310101196210100376', '13900030036', '熊丽', '13910030036', '上海市杨浦区四平路1000号', '无', '慢性胃炎，高血压', 1, '2026-01-06 08:00:00'),
(37, NULL, 'P20260037', '钟雨桐', '女', '1993-01-03', '310101199301030389', '13900030037', '钟卫国', '13910030037', '上海市普陀区长寿路120号', '无', '偏头痛', 1, '2026-01-06 08:00:00'),
(38, NULL, 'P20260038', '孟俊熙', '男', '1974-08-23', '310101197408230392', '13900030038', '孟华', '13910030038', '上海市浦东新区东方路900号', '阿莫西林皮疹史', '慢性鼻窦炎', 1, '2026-01-06 08:00:00'),
(39, NULL, 'P20260039', '梁诗雨', '女', '1957-09-09', '310101195709090405', '13900030039', '梁国庆', '13910030039', '上海市徐汇区衡山路188号', '无', '冠心病，高脂血症', 1, '2026-01-06 08:00:00'),
(40, NULL, 'P20260040', '段宇辰', '男', '2022-04-02', '310101202204020418', '13900030040', '段晓峰', '13910030040', '上海市闵行区七莘路300号', '鸡蛋过敏', '婴幼儿湿疹', 1, '2026-01-06 08:00:00');

INSERT INTO doctor (doctor_id, user_id, dept_id, doctor_no, doctor_type, title, specialty, introduction, status, created_at) VALUES
(1, 6, 1, 'D20260001', 'REGISTRATION', '住院医师', '心内科挂号咨询', '熟悉心内科门诊分流和慢病预约管理', 1, '2026-01-07 08:00:00'),
(2, 7, 2, 'D20260002', 'REGISTRATION', '主治医师', '呼吸科挂号咨询', '擅长呼吸系统常见病门诊分流', 1, '2026-01-07 08:00:00'),
(3, 8, 3, 'D20260003', 'REGISTRATION', '副主任医师', '消化科挂号咨询', '负责消化内科预约审核和复诊管理', 1, '2026-01-07 08:00:00'),
(4, 9, 4, 'D20260004', 'REGISTRATION', '主任医师', '内分泌挂号咨询', '负责糖尿病和甲状腺专病预约评估', 1, '2026-01-07 08:00:00'),
(5, 10, 5, 'D20260005', 'REGISTRATION', '住院医师', '儿科挂号咨询', '熟悉儿科门诊候诊和爽约处理流程', 0, '2026-01-07 08:00:00'),
(6, 11, 1, 'D20260006', 'OUTPATIENT', '主治医师', '高血压、冠心病、心律失常', '长期从事心血管内科门诊诊疗工作', 1, '2026-01-07 08:00:00'),
(7, 12, 2, 'D20260007', 'OUTPATIENT', '副主任医师', '慢性咳嗽、哮喘、肺部感染', '擅长呼吸系统感染和慢病管理', 1, '2026-01-07 08:00:00'),
(8, 13, 3, 'D20260008', 'OUTPATIENT', '主任医师', '慢性胃炎、消化性溃疡、腹痛', '擅长消化系统常见病和胃肠镜前评估', 1, '2026-01-07 08:00:00'),
(9, 14, 4, 'D20260009', 'OUTPATIENT', '住院医师', '糖尿病、甲状腺疾病', '负责内分泌慢病复诊和生活方式指导', 1, '2026-01-07 08:00:00'),
(10, 15, 5, 'D20260010', 'OUTPATIENT', '主治医师', '儿童呼吸道感染、过敏性疾病', '擅长儿童发热咳嗽和过敏性鼻炎诊治', 0, '2026-01-07 08:00:00'),
(11, 16, 11, 'D20260011', 'EXAM', '副主任医师', '胸腹部DR诊断', '负责门诊影像检查阅片和报告发布', 1, '2026-01-07 08:00:00'),
(12, 17, 12, 'D20260012', 'EXAM', '主任医师', '腹部和甲状腺超声', '擅长腹部脏器和浅表器官超声诊断', 1, '2026-01-07 08:00:00'),
(13, 18, 13, 'D20260013', 'EXAM', '住院医师', '头胸部CT诊断', '负责门诊CT检查执行和初步报告', 1, '2026-01-07 08:00:00'),
(14, 19, 14, 'D20260014', 'EXAM', '主治医师', '心电图与动态心电图', '擅长心律失常心电诊断', 1, '2026-01-07 08:00:00'),
(15, 20, 15, 'D20260015', 'EXAM', '副主任医师', '胃肠镜检查', '负责消化内镜检查和报告审核', 0, '2026-01-07 08:00:00'),
(16, 21, 6, 'D20260016', 'LAB', '主任医师', '血液和尿液常规检验', '负责临床检验报告审核和质量控制', 1, '2026-01-07 08:00:00'),
(17, 22, 7, 'D20260017', 'LAB', '住院医师', '生化检验', '负责肝肾功能、血糖血脂项目审核', 1, '2026-01-07 08:00:00'),
(18, 23, 8, 'D20260018', 'LAB', '主治医师', '免疫检验', '擅长感染免疫指标解释', 1, '2026-01-07 08:00:00'),
(19, 24, 9, 'D20260019', 'LAB', '副主任医师', '微生物检验', '负责培养、药敏和病原学结果审核', 1, '2026-01-07 08:00:00'),
(20, 25, 10, 'D20260020', 'LAB', '主任医师', '病理细胞学', '负责病理样本质控和报告审核', 0, '2026-01-07 08:00:00'),
(21, 26, 16, 'D20260021', 'PHARMACY', '住院医师', '西药处方审核', '熟悉抗菌药物和慢病用药审核', 1, '2026-01-07 08:00:00'),
(22, 27, 17, 'D20260022', 'PHARMACY', '主治医师', '中成药用药指导', '负责中药房处方调配和用药咨询', 1, '2026-01-07 08:00:00'),
(23, 28, 18, 'D20260023', 'PHARMACY', '副主任医师', '急诊药品调配', '擅长急诊处方快速审核和库存协调', 1, '2026-01-07 08:00:00'),
(24, 29, 19, 'D20260024', 'PHARMACY', '主任医师', '慢病长期处方管理', '负责高血压糖尿病长期处方发药审核', 1, '2026-01-07 08:00:00'),
(25, 30, 20, 'D20260025', 'PHARMACY', '住院医师', '退药审核和药学咨询', '负责退药原因审核和用药风险提示', 0, '2026-01-07 08:00:00');

INSERT INTO ai_prompt_template (template_id, role_code, scene_code, scene_name, system_prompt, user_prompt_template, version, enabled, created_at) VALUES
(1, 'SCHEDULE_AI', 'SCHEDULE_QUOTA', '门诊号源建议', '你是医院排班助手，根据历史就诊量给出号源建议。', '科室：{{deptName}}，医生：{{doctorName}}，日期：{{workDate}}，请给出合理号源。', 'v1', 1, '2026-01-08 08:00:00'),
(2, 'TRIAGE_AI', 'TRIAGE_DEPT', '智能分诊推荐', '你是门诊分诊助手，根据主诉推荐科室和风险等级。', '患者主诉：{{chiefComplaint}}，症状：{{symptomDetail}}。', 'v1', 1, '2026-01-08 08:00:00'),
(3, 'OUTPATIENT_AI', 'VISIT_SUMMARY', '问诊摘要生成', '你是门诊病历助手，帮助医生生成简洁病历摘要。', '主诉：{{chiefComplaint}}，现病史：{{presentIllness}}。', 'v1', 1, '2026-01-08 08:00:00'),
(4, 'EXAM_REPORT_AI', 'EXAM_DRAFT', '检查报告草稿', '你是检查报告助手，根据所见生成结构化草稿。', '检查项目：{{itemName}}，检查所见：{{findings}}。', 'v1', 1, '2026-01-08 08:00:00'),
(5, 'LAB_REPORT_AI', 'LAB_EXPLAIN', '检验异常解释', '你是检验报告助手，解释检验指标异常含义。', '指标：{{indicatorName}}，结果：{{resultValue}}，参考范围：{{referenceRange}}。', 'v1', 1, '2026-01-08 08:00:00'),
(6, 'PRESCRIPTION_AI', 'RX_REVIEW', '处方审核提示', '你是处方审核助手，检查过敏、禁忌和相互作用。', '诊断：{{diagnosis}}，处方：{{prescriptionItems}}，过敏史：{{allergyHistory}}。', 'v1', 0, '2026-01-08 08:00:00'),
(7, 'PHARMACY_AI', 'RETURN_REASON', '退药原因归纳', '你是药房咨询助手，归纳退药原因并提示风险。', '药品：{{drugName}}，退药原因：{{reason}}。', 'v1', 0, '2026-01-08 08:00:00'),
(8, 'BILLING_AI', 'FEE_EXPLAIN', '费用说明', '你是收费说明助手，用通俗语言解释费用构成。', '费用明细：{{feeItems}}，支付状态：{{status}}。', 'v1', 0, '2026-01-08 08:00:00'),
(9, 'FOLLOWUP_AI', 'FOLLOWUP_ADVICE', '复诊建议', '你是随访建议助手，生成安全清晰的复诊建议。', '诊断：{{diagnosis}}，处置：{{treatmentAdvice}}。', 'v1', 0, '2026-01-08 08:00:00'),
(10, 'QUALITY_AI', 'RECORD_CHECK', '病历质控', '你是病历质控助手，检查病历完整性和逻辑一致性。', '病历内容：{{medicalRecord}}。', 'v1', 0, '2026-01-08 08:00:00');

INSERT INTO doctor_schedule (schedule_id, doctor_id, dept_id, work_date, time_period, start_time, end_time, total_quota, remain_quota, registration_fee, status, source, created_at) VALUES
(1, 6, 1, '2026-07-01', '上午', '08:00:00', '12:00:00', 40, 18, 25.00, '可预约', 'MANUAL', '2026-01-09 08:00:00'),
(2, 7, 2, '2026-07-01', '上午', '08:00:00', '12:00:00', 40, 16, 25.00, '可预约', 'MANUAL', '2026-01-09 08:00:00'),
(3, 8, 3, '2026-07-01', '上午', '08:00:00', '12:00:00', 35, 12, 30.00, '可预约', 'MANUAL', '2026-01-09 08:00:00'),
(4, 9, 4, '2026-07-01', '上午', '08:00:00', '12:00:00', 35, 10, 25.00, '可预约', 'MANUAL', '2026-01-09 08:00:00'),
(5, 10, 5, '2026-07-01', '上午', '08:00:00', '12:00:00', 30, 8, 20.00, '可预约', 'MANUAL', '2026-01-09 08:00:00'),
(6, 6, 1, '2026-07-01', '下午', '13:30:00', '17:30:00', 35, 15, 25.00, '可预约', 'AI_SUGGESTED', '2026-01-09 08:05:00'),
(7, 7, 2, '2026-07-01', '下午', '13:30:00', '17:30:00', 35, 14, 25.00, '可预约', 'AI_SUGGESTED', '2026-01-09 08:05:00'),
(8, 8, 3, '2026-07-01', '下午', '13:30:00', '17:30:00', 35, 13, 30.00, '可预约', 'AI_SUGGESTED', '2026-01-09 08:05:00'),
(9, 9, 4, '2026-07-01', '下午', '13:30:00', '17:30:00', 30, 11, 25.00, '可预约', 'AI_SUGGESTED', '2026-01-09 08:05:00'),
(10, 10, 5, '2026-07-01', '下午', '13:30:00', '17:30:00', 30, 9, 20.00, '可预约', 'AI_SUGGESTED', '2026-01-09 08:05:00'),
(11, 6, 1, '2026-07-02', '上午', '08:00:00', '12:00:00', 40, 0, 25.00, '约满', 'MANUAL', '2026-01-09 08:10:00'),
(12, 7, 2, '2026-07-02', '上午', '08:00:00', '12:00:00', 40, 0, 25.00, '约满', 'MANUAL', '2026-01-09 08:10:00'),
(13, 8, 3, '2026-07-02', '上午', '08:00:00', '12:00:00', 35, 0, 30.00, '约满', 'MANUAL', '2026-01-09 08:10:00'),
(14, 9, 4, '2026-07-02', '上午', '08:00:00', '12:00:00', 35, 0, 25.00, '约满', 'MANUAL', '2026-01-09 08:10:00'),
(15, 10, 5, '2026-07-02', '上午', '08:00:00', '12:00:00', 30, 0, 20.00, '约满', 'MANUAL', '2026-01-09 08:10:00'),
(16, 6, 1, '2026-07-02', '下午', '13:30:00', '17:30:00', 35, 0, 25.00, '约满', 'AI_SUGGESTED', '2026-01-09 08:15:00'),
(17, 7, 2, '2026-07-02', '下午', '13:30:00', '17:30:00', 35, 0, 25.00, '约满', 'AI_SUGGESTED', '2026-01-09 08:15:00'),
(18, 8, 3, '2026-07-02', '下午', '13:30:00', '17:30:00', 35, 0, 30.00, '约满', 'AI_SUGGESTED', '2026-01-09 08:15:00'),
(19, 9, 4, '2026-07-02', '下午', '13:30:00', '17:30:00', 30, 0, 25.00, '约满', 'AI_SUGGESTED', '2026-01-09 08:15:00'),
(20, 10, 5, '2026-07-02', '下午', '13:30:00', '17:30:00', 30, 0, 20.00, '约满', 'AI_SUGGESTED', '2026-01-09 08:15:00'),
(21, 6, 1, '2026-07-03', '夜间', '18:00:00', '21:00:00', 20, 0, 25.00, '停诊', 'MANUAL', '2026-01-09 08:20:00'),
(22, 7, 2, '2026-07-03', '夜间', '18:00:00', '21:00:00', 20, 0, 25.00, '停诊', 'MANUAL', '2026-01-09 08:20:00'),
(23, 8, 3, '2026-07-03', '夜间', '18:00:00', '21:00:00', 20, 0, 30.00, '停诊', 'MANUAL', '2026-01-09 08:20:00'),
(24, 9, 4, '2026-07-03', '夜间', '18:00:00', '21:00:00', 20, 0, 25.00, '停诊', 'MANUAL', '2026-01-09 08:20:00'),
(25, 10, 5, '2026-07-03', '夜间', '18:00:00', '21:00:00', 20, 0, 20.00, '停诊', 'MANUAL', '2026-01-09 08:20:00'),
(26, 6, 1, '2026-07-04', '上午', '08:00:00', '12:00:00', 40, 0, 25.00, '停诊', 'AI_SUGGESTED', '2026-01-09 08:25:00'),
(27, 7, 2, '2026-07-04', '上午', '08:00:00', '12:00:00', 40, 0, 25.00, '停诊', 'AI_SUGGESTED', '2026-01-09 08:25:00'),
(28, 8, 3, '2026-07-04', '上午', '08:00:00', '12:00:00', 35, 0, 30.00, '停诊', 'AI_SUGGESTED', '2026-01-09 08:25:00'),
(29, 9, 4, '2026-07-04', '上午', '08:00:00', '12:00:00', 35, 0, 25.00, '停诊', 'AI_SUGGESTED', '2026-01-09 08:25:00'),
(30, 10, 5, '2026-07-04', '上午', '08:00:00', '12:00:00', 30, 0, 20.00, '停诊', 'AI_SUGGESTED', '2026-01-09 08:25:00'),
(31, 6, 1, '2026-06-01', '下午', '13:30:00', '17:30:00', 35, 0, 25.00, '已过期', 'MANUAL', '2026-01-09 08:30:00'),
(32, 7, 2, '2026-06-01', '下午', '13:30:00', '17:30:00', 35, 0, 25.00, '已过期', 'MANUAL', '2026-01-09 08:30:00'),
(33, 8, 3, '2026-06-01', '下午', '13:30:00', '17:30:00', 35, 0, 30.00, '已过期', 'MANUAL', '2026-01-09 08:30:00'),
(34, 9, 4, '2026-06-01', '下午', '13:30:00', '17:30:00', 30, 0, 25.00, '已过期', 'MANUAL', '2026-01-09 08:30:00'),
(35, 10, 5, '2026-06-01', '下午', '13:30:00', '17:30:00', 30, 0, 20.00, '已过期', 'MANUAL', '2026-01-09 08:30:00'),
(36, 6, 1, '2026-06-02', '夜间', '18:00:00', '21:00:00', 20, 0, 25.00, '已过期', 'AI_SUGGESTED', '2026-01-09 08:35:00'),
(37, 7, 2, '2026-06-02', '夜间', '18:00:00', '21:00:00', 20, 0, 25.00, '已过期', 'AI_SUGGESTED', '2026-01-09 08:35:00'),
(38, 8, 3, '2026-06-02', '夜间', '18:00:00', '21:00:00', 20, 0, 30.00, '已过期', 'AI_SUGGESTED', '2026-01-09 08:35:00'),
(39, 9, 4, '2026-06-02', '夜间', '18:00:00', '21:00:00', 20, 0, 25.00, '已过期', 'AI_SUGGESTED', '2026-01-09 08:35:00'),
(40, 10, 5, '2026-06-02', '夜间', '18:00:00', '21:00:00', 20, 0, 20.00, '已过期', 'AI_SUGGESTED', '2026-01-09 08:35:00');

INSERT INTO ai_schedule_suggestion (suggestion_id, doctor_id, dept_id, work_date, time_period, suggested_quota, suggestion_reason, status, created_at, confirmed_at) VALUES
(1, 6, 1, '2026-07-08', '上午', 42, '心内科周三上午复诊患者较多，建议增加号源。', '待确认', '2026-06-20 08:00:00', NULL),
(2, 7, 2, '2026-07-08', '上午', 38, '近期咳嗽发热患者增加，建议提高呼吸科上午号源。', '待确认', '2026-06-20 08:05:00', NULL),
(3, 8, 3, '2026-07-08', '上午', 34, '消化科胃痛复诊需求稳定，建议维持较高号源。', '待确认', '2026-06-20 08:10:00', NULL),
(4, 9, 4, '2026-07-08', '上午', 36, '糖尿病随访集中在上午，建议增加慢病号。', '待确认', '2026-06-20 08:15:00', NULL),
(5, 10, 5, '2026-07-08', '上午', 30, '暑期儿童呼吸道感染就诊增加，建议开放上午儿科号。', '待确认', '2026-06-20 08:20:00', NULL),
(6, 6, 1, '2026-07-09', '下午', 35, '下午心电复诊患者分流后号源适中。', '已确认', '2026-06-20 09:00:00', '2026-06-20 10:00:00'),
(7, 7, 2, '2026-07-09', '下午', 35, '呼吸科下午慢病复查需求稳定。', '已确认', '2026-06-20 09:05:00', '2026-06-20 10:05:00'),
(8, 8, 3, '2026-07-09', '下午', 32, '消化科下午安排胃镜前评估，建议适当控号。', '已确认', '2026-06-20 09:10:00', '2026-06-20 10:10:00'),
(9, 9, 4, '2026-07-09', '下午', 34, '内分泌科下午复诊需求较高。', '已确认', '2026-06-20 09:15:00', '2026-06-20 10:15:00'),
(10, 10, 5, '2026-07-09', '下午', 28, '儿科下午候诊压力较低。', '已确认', '2026-06-20 09:20:00', '2026-06-20 10:20:00'),
(11, 6, 1, '2026-07-10', '夜间', 18, '夜间心内科急诊分流有限，建议不增加普通号。', '已忽略', '2026-06-20 11:00:00', NULL),
(12, 7, 2, '2026-07-10', '夜间', 20, '夜间呼吸科值班资源有限，建议忽略。', '已忽略', '2026-06-20 11:05:00', NULL),
(13, 8, 3, '2026-07-10', '夜间', 16, '夜间消化科检查配套不足，建议忽略。', '已忽略', '2026-06-20 11:10:00', NULL),
(14, 9, 4, '2026-07-10', '夜间', 16, '夜间内分泌慢病复诊需求较低。', '已忽略', '2026-06-20 11:15:00', NULL),
(15, 10, 5, '2026-07-10', '夜间', 15, '儿科夜间普通门诊暂不开放。', '已忽略', '2026-06-20 11:20:00', NULL);

INSERT INTO ai_schedule_suggestion_detail (detail_id, suggestion_id, doctor_id, doctor_name, schedule_date, time_slot, max_appointments, reason, status) VALUES
(1, 1, 6, '周彦博', '2026-07-08', '上午', 42, '高血压复诊量预测上升。', 'PENDING'),
(2, 2, 7, '秦雨薇', '2026-07-08', '上午', 38, '呼吸道感染波动上升。', 'PENDING'),
(3, 3, 8, '徐皓然', '2026-07-08', '上午', 34, '胃炎复诊稳定。', 'PENDING'),
(4, 4, 9, '唐婉清', '2026-07-08', '上午', 36, '糖尿病复查集中。', 'PENDING'),
(5, 5, 10, '何俊驰', '2026-07-08', '上午', 30, '儿科暑期需求增加。', 'PENDING'),
(6, 6, 6, '周彦博', '2026-07-09', '下午', 35, '心内科下午号源平衡。', 'ACCEPTED'),
(7, 7, 7, '秦雨薇', '2026-07-09', '下午', 35, '呼吸科复诊需求稳定。', 'ACCEPTED'),
(8, 8, 8, '徐皓然', '2026-07-09', '下午', 32, '配合内镜前评估。', 'ACCEPTED'),
(9, 9, 9, '唐婉清', '2026-07-09', '下午', 34, '慢病患者预约集中。', 'ACCEPTED'),
(10, 10, 10, '何俊驰', '2026-07-09', '下午', 28, '儿科下午候诊压力较低。', 'ACCEPTED'),
(11, 11, 6, '周彦博', '2026-07-10', '夜间', 18, '夜间门诊支撑不足。', 'REJECTED'),
(12, 12, 7, '秦雨薇', '2026-07-10', '夜间', 20, '夜间检查配套不足。', 'REJECTED'),
(13, 13, 8, '徐皓然', '2026-07-10', '夜间', 16, '夜间内镜不可预约。', 'REJECTED'),
(14, 14, 9, '唐婉清', '2026-07-10', '夜间', 16, '慢病复诊夜间需求低。', 'REJECTED'),
(15, 15, 10, '何俊驰', '2026-07-10', '夜间', 15, '夜间儿科普通号暂缓。', 'REJECTED');

INSERT INTO ai_consultation (consultation_id, patient_id, chief_complaint, symptom_detail, ai_summary, recommended_dept_id, risk_level, ai_result, status, created_at) VALUES
(1, 1, '鼻塞流涕三天', '伴咽痛，无明显发热，青霉素过敏史。', '考虑上呼吸道感染或过敏性鼻炎急性发作。', 2, '普通', '建议呼吸科门诊，避免青霉素类用药。', '已生成', '2026-07-01 07:20:00'),
(2, 2, '血压波动一周', '最高160/96mmHg，偶有头胀，无胸痛。', '高血压控制不佳，需要心内科评估。', 1, '普通', '建议心血管内科就诊，完善心电图。', '已生成', '2026-07-01 07:22:00'),
(3, 3, '发热咳嗽两天', '体温最高38.5度，咳黄痰，头孢过敏。', '儿童急性呼吸道感染可能。', 5, '普通', '建议儿科门诊，关注体温和呼吸频率。', '已生成', '2026-07-01 07:24:00'),
(4, 4, '空腹血糖升高', '近期空腹血糖8.2mmol/L，口干多饮。', '2型糖尿病血糖控制欠佳。', 4, '普通', '建议内分泌科复诊，完善糖化血红蛋白。', '已生成', '2026-07-01 07:26:00'),
(5, 5, '反复胃痛一周', '餐后上腹痛明显，伴嗳气反酸。', '慢性胃炎或胃食管反流可能。', 3, '普通', '建议消化内科门诊，必要时胃镜评估。', '已生成', '2026-07-01 07:28:00'),
(6, 6, '夜间喘息加重', '既往哮喘，近两天夜间喘息，活动后气促。', '哮喘急性加重风险。', 2, '紧急', '建议优先呼吸科或急诊评估，监测血氧。', '已采纳', '2026-07-01 07:30:00'),
(7, 7, '胸闷胸痛半小时', '胸骨后压榨样痛，向左肩放射，冠心病史。', '急性冠脉综合征需排除。', 1, '紧急', '建议立即急诊绿色通道并完善心电图和肌钙蛋白。', '已采纳', '2026-07-01 07:32:00'),
(8, 8, '咳嗽咳痰十天', '慢阻肺史，黄痰增多，活动耐量下降。', '慢阻肺急性加重可能。', 2, '紧急', '建议呼吸科优先就诊，必要时胸部CT。', '已采纳', '2026-07-01 07:34:00'),
(9, 9, '剧烈头痛伴恶心', '偏头痛史，本次疼痛较以往明显。', '需排除继发性头痛。', 1, '紧急', '建议优先评估生命体征，必要时头颅CT。', '已采纳', '2026-07-01 07:36:00'),
(10, 10, '儿童皮疹伴喘息', '牛奶蛋白过敏史，进食后出现皮疹和轻度喘息。', '食物过敏反应，需警惕进展。', 5, '紧急', '建议儿科优先处理，观察呼吸道症状。', '已采纳', '2026-07-01 07:38:00'),
(11, 11, '甲状腺结节复查', '无吞咽困难，无声音嘶哑。', '甲状腺结节随访，可门诊完善超声。', 4, '普通', '建议内分泌科复诊并预约甲状腺彩超。', '已忽略', '2026-07-01 07:40:00'),
(12, 12, '咽部异物感', '晨起明显，伴轻微咳嗽。', '慢性咽炎或反流相关咽喉症状。', 2, '普通', '建议呼吸科或消化科评估。', '已忽略', '2026-07-01 07:42:00'),
(13, 13, '右上腹隐痛', '胆囊结石术后，近期油腻饮食后不适。', '消化系统功能异常可能。', 3, '普通', '建议消化内科门诊，完善肝胆胰脾超声。', '已忽略', '2026-07-01 07:44:00'),
(14, 14, '头晕伴血压升高', '血压150/92mmHg，未规律服药。', '高血压控制不佳。', 1, '普通', '建议心内科调整降压方案。', '已忽略', '2026-07-01 07:46:00'),
(15, 15, '皮肤瘙痒伴鼻塞', '芒果过敏史，近期接触花粉后加重。', '过敏性疾病可能。', 5, '普通', '建议儿科或过敏相关门诊评估。', '已忽略', '2026-07-01 07:48:00');

INSERT INTO registration (registration_id, patient_id, consultation_id, dept_id, doctor_id, schedule_id, operator_user_id, source, registration_no, queue_no, registration_fee, fee_status, status, registered_at, called_at, created_at) VALUES
(1, 1, 1, 1, 6, 1, 1, '线下', 'R202607010001', 1, 25.00, '已支付', '接诊中', '2026-07-01 07:45:00', '2026-07-01 08:00:00', '2026-07-01 07:40:00'),
(2, 2, 2, 2, 7, 2, 2, '线上', 'R202607010002', 2, 25.00, '已支付', '接诊中', '2026-07-01 07:46:00', '2026-07-01 08:03:00', '2026-07-01 07:41:00'),
(3, 3, 3, 3, 8, 3, 3, '线下', 'R202607010003', 3, 30.00, '已支付', '接诊中', '2026-07-01 07:47:00', '2026-07-01 08:06:00', '2026-07-01 07:42:00'),
(4, 4, 4, 4, 9, 4, 4, '线上', 'R202607010004', 4, 25.00, '已支付', '接诊中', '2026-07-01 07:48:00', '2026-07-01 08:09:00', '2026-07-01 07:43:00'),
(5, 5, 5, 5, 10, 5, 5, '线下', 'R202607010005', 5, 20.00, '已支付', '接诊中', '2026-07-01 07:49:00', '2026-07-01 08:12:00', '2026-07-01 07:44:00'),
(6, 6, 6, 1, 6, 6, 1, '线上', 'R202607010006', 6, 25.00, '已支付', '接诊中', '2026-07-01 07:50:00', '2026-07-01 08:15:00', '2026-07-01 07:45:00'),
(7, 7, 7, 2, 7, 7, 2, '线下', 'R202607010007', 7, 25.00, '已支付', '接诊中', '2026-07-01 07:51:00', '2026-07-01 08:18:00', '2026-07-01 07:46:00'),
(8, 8, 8, 3, 8, 8, 3, '线上', 'R202607010008', 8, 30.00, '已支付', '接诊中', '2026-07-01 07:52:00', '2026-07-01 08:21:00', '2026-07-01 07:47:00'),
(9, 9, 9, 4, 9, 9, 4, '线下', 'R202607010009', 9, 25.00, '已支付', '接诊中', '2026-07-01 07:53:00', '2026-07-01 08:24:00', '2026-07-01 07:48:00'),
(10, 10, 10, 5, 10, 10, 5, '线上', 'R202607010010', 10, 20.00, '已支付', '接诊中', '2026-07-01 07:54:00', '2026-07-01 08:27:00', '2026-07-01 07:49:00'),
(11, 11, 11, 1, 6, 1, 1, '线下', 'R202607010011', 11, 25.00, '已支付', '接诊中', '2026-07-01 07:55:00', '2026-07-01 08:30:00', '2026-07-01 07:50:00'),
(12, 12, 12, 2, 7, 2, 2, '线上', 'R202607010012', 12, 25.00, '已支付', '接诊中', '2026-07-01 07:56:00', '2026-07-01 08:33:00', '2026-07-01 07:51:00'),
(13, 13, 13, 3, 8, 3, 3, '线下', 'R202607010013', 13, 30.00, '已支付', '接诊中', '2026-07-01 07:57:00', '2026-07-01 08:36:00', '2026-07-01 07:52:00'),
(14, 14, 14, 4, 9, 4, 4, '线上', 'R202607010014', 14, 25.00, '已支付', '接诊中', '2026-07-01 07:58:00', '2026-07-01 08:39:00', '2026-07-01 07:53:00'),
(15, 15, 15, 5, 10, 5, 5, '线下', 'R202607010015', 15, 20.00, '已支付', '接诊中', '2026-07-01 07:59:00', '2026-07-01 08:42:00', '2026-07-01 07:54:00'),
(16, 16, NULL, 1, 6, 6, 1, '线上', 'R202607010016', 16, 25.00, '已支付', '接诊中', '2026-07-01 08:00:00', '2026-07-01 08:45:00', '2026-07-01 07:55:00'),
(17, 17, NULL, 2, 7, 7, 2, '线下', 'R202607010017', 17, 25.00, '已支付', '接诊中', '2026-07-01 08:01:00', '2026-07-01 08:48:00', '2026-07-01 07:56:00'),
(18, 18, NULL, 3, 8, 8, 3, '线上', 'R202607010018', 18, 30.00, '已支付', '接诊中', '2026-07-01 08:02:00', '2026-07-01 08:51:00', '2026-07-01 07:57:00'),
(19, 19, NULL, 4, 9, 9, 4, '线下', 'R202607010019', 19, 25.00, '已支付', '接诊中', '2026-07-01 08:03:00', '2026-07-01 08:54:00', '2026-07-01 07:58:00'),
(20, 20, NULL, 5, 10, 10, 5, '线上', 'R202607010020', 20, 20.00, '已支付', '接诊中', '2026-07-01 08:04:00', '2026-07-01 08:57:00', '2026-07-01 07:59:00'),
(21, 21, NULL, 1, 6, 1, 1, '线下', 'R202607010021', 21, 25.00, '已支付', '接诊中', '2026-07-01 08:05:00', '2026-07-01 09:00:00', '2026-07-01 08:00:00'),
(22, 22, NULL, 2, 7, 2, 2, '线上', 'R202607010022', 22, 25.00, '已支付', '接诊中', '2026-07-01 08:06:00', '2026-07-01 09:03:00', '2026-07-01 08:01:00'),
(23, 23, NULL, 3, 8, 3, 3, '线下', 'R202607010023', 23, 30.00, '已支付', '接诊中', '2026-07-01 08:07:00', '2026-07-01 09:06:00', '2026-07-01 08:02:00'),
(24, 24, NULL, 4, 9, 4, 4, '线上', 'R202607010024', 24, 25.00, '已支付', '接诊中', '2026-07-01 08:08:00', '2026-07-01 09:09:00', '2026-07-01 08:03:00'),
(25, 25, NULL, 5, 10, 5, 5, '线下', 'R202607010025', 25, 20.00, '已支付', '接诊中', '2026-07-01 08:09:00', '2026-07-01 09:12:00', '2026-07-01 08:04:00'),
(26, 26, NULL, 1, 6, 6, 1, '线上', 'R202607010026', 26, 25.00, '已支付', '接诊中', '2026-07-01 08:10:00', '2026-07-01 09:15:00', '2026-07-01 08:05:00'),
(27, 27, NULL, 2, 7, 7, 2, '线下', 'R202607010027', 27, 25.00, '已支付', '接诊中', '2026-07-01 08:11:00', '2026-07-01 09:18:00', '2026-07-01 08:06:00'),
(28, 28, NULL, 3, 8, 8, 3, '线上', 'R202607010028', 28, 30.00, '已支付', '接诊中', '2026-07-01 08:12:00', '2026-07-01 09:21:00', '2026-07-01 08:07:00'),
(29, 29, NULL, 4, 9, 9, 4, '线下', 'R202607010029', 29, 25.00, '已支付', '接诊中', '2026-07-01 08:13:00', '2026-07-01 09:24:00', '2026-07-01 08:08:00'),
(30, 30, NULL, 5, 10, 10, 5, '线上', 'R202607010030', 30, 20.00, '已支付', '接诊中', '2026-07-01 08:14:00', '2026-07-01 09:27:00', '2026-07-01 08:09:00'),
(31, 31, NULL, 1, 6, 1, 1, '线下', 'R202607010031', 31, 25.00, '已支付', '接诊中', '2026-07-01 08:15:00', '2026-07-01 09:30:00', '2026-07-01 08:10:00'),
(32, 32, NULL, 2, 7, 2, 2, '线上', 'R202607010032', 32, 25.00, '已支付', '接诊中', '2026-07-01 08:16:00', '2026-07-01 09:33:00', '2026-07-01 08:11:00'),
(33, 33, NULL, 3, 8, 3, 3, '线下', 'R202607010033', 33, 30.00, '已支付', '接诊中', '2026-07-01 08:17:00', '2026-07-01 09:36:00', '2026-07-01 08:12:00'),
(34, 34, NULL, 4, 9, 4, 4, '线上', 'R202607010034', 34, 25.00, '已支付', '接诊中', '2026-07-01 08:18:00', '2026-07-01 09:39:00', '2026-07-01 08:13:00'),
(35, 35, NULL, 5, 10, 5, 5, '线下', 'R202607010035', 35, 20.00, '已支付', '接诊中', '2026-07-01 08:19:00', '2026-07-01 09:42:00', '2026-07-01 08:14:00'),
(36, 36, NULL, 1, 6, 6, 1, '线上', 'R202607010036', 36, 25.00, '已支付', '接诊中', '2026-07-01 08:20:00', '2026-07-01 09:45:00', '2026-07-01 08:15:00'),
(37, 37, NULL, 2, 7, 7, 2, '线下', 'R202607010037', 37, 25.00, '已支付', '接诊中', '2026-07-01 08:21:00', '2026-07-01 09:48:00', '2026-07-01 08:16:00'),
(38, 38, NULL, 3, 8, 8, 3, '线上', 'R202607010038', 38, 30.00, '已支付', '接诊中', '2026-07-01 08:22:00', '2026-07-01 09:51:00', '2026-07-01 08:17:00'),
(39, 39, NULL, 4, 9, 9, 4, '线下', 'R202607010039', 39, 25.00, '已支付', '接诊中', '2026-07-01 08:23:00', '2026-07-01 09:54:00', '2026-07-01 08:18:00'),
(40, 40, NULL, 5, 10, 10, 5, '线上', 'R202607010040', 40, 20.00, '已支付', '接诊中', '2026-07-01 08:24:00', '2026-07-01 09:57:00', '2026-07-01 08:19:00'),
(41, 1, NULL, 1, 6, 11, 1, '线下', 'R202607020041', 41, 25.00, '待支付', '待支付', '2026-07-02 07:45:00', NULL, '2026-07-02 07:40:00'),
(42, 2, NULL, 2, 7, 12, 2, '线上', 'R202607020042', 42, 25.00, '待支付', '待支付', '2026-07-02 07:46:00', NULL, '2026-07-02 07:41:00'),
(43, 3, NULL, 3, 8, 13, 3, '线下', 'R202607020043', 43, 30.00, '待支付', '待支付', '2026-07-02 07:47:00', NULL, '2026-07-02 07:42:00'),
(44, 4, NULL, 4, 9, 14, 4, '线上', 'R202607020044', 44, 25.00, '待支付', '待支付', '2026-07-02 07:48:00', NULL, '2026-07-02 07:43:00'),
(45, 5, NULL, 5, 10, 15, 5, '线下', 'R202607020045', 45, 20.00, '待支付', '待支付', '2026-07-02 07:49:00', NULL, '2026-07-02 07:44:00'),
(46, 6, NULL, 1, 6, 16, 1, '线上', 'R202607020046', 46, 25.00, '已支付', '待确认', '2026-07-02 07:50:00', NULL, '2026-07-02 07:45:00'),
(47, 7, NULL, 2, 7, 17, 2, '线下', 'R202607020047', 47, 25.00, '已支付', '待确认', '2026-07-02 07:51:00', NULL, '2026-07-02 07:46:00'),
(48, 8, NULL, 3, 8, 18, 3, '线上', 'R202607020048', 48, 30.00, '已支付', '待确认', '2026-07-02 07:52:00', NULL, '2026-07-02 07:47:00'),
(49, 9, NULL, 4, 9, 19, 4, '线下', 'R202607020049', 49, 25.00, '已支付', '待确认', '2026-07-02 07:53:00', NULL, '2026-07-02 07:48:00'),
(50, 10, NULL, 5, 10, 20, 5, '线上', 'R202607020050', 50, 20.00, '已支付', '待确认', '2026-07-02 07:54:00', NULL, '2026-07-02 07:49:00'),
(51, 11, NULL, 1, 6, 21, 1, '线下', 'R202607030051', 51, 25.00, '已退费', '已取消', '2026-07-03 07:45:00', NULL, '2026-07-03 07:40:00'),
(52, 12, NULL, 2, 7, 22, 2, '线上', 'R202607030052', 52, 25.00, '已退费', '已取消', '2026-07-03 07:46:00', NULL, '2026-07-03 07:41:00'),
(53, 13, NULL, 3, 8, 23, 3, '线下', 'R202607030053', 53, 30.00, '已退费', '已取消', '2026-07-03 07:47:00', NULL, '2026-07-03 07:42:00'),
(54, 14, NULL, 4, 9, 24, 4, '线上', 'R202607030054', 54, 25.00, '已退费', '已取消', '2026-07-03 07:48:00', NULL, '2026-07-03 07:43:00'),
(55, 15, NULL, 5, 10, 25, 5, '线下', 'R202607030055', 55, 20.00, '已退费', '已取消', '2026-07-03 07:49:00', NULL, '2026-07-03 07:44:00'),
(56, 16, NULL, 1, 6, 26, 1, '线上', 'R202607040056', 56, 25.00, '已支付', '爽约', '2026-07-04 07:45:00', '2026-07-04 08:20:00', '2026-07-04 07:40:00'),
(57, 17, NULL, 2, 7, 27, 2, '线下', 'R202607040057', 57, 25.00, '已支付', '爽约', '2026-07-04 07:46:00', '2026-07-04 08:23:00', '2026-07-04 07:41:00'),
(58, 18, NULL, 3, 8, 28, 3, '线上', 'R202607040058', 58, 30.00, '已支付', '爽约', '2026-07-04 07:47:00', '2026-07-04 08:26:00', '2026-07-04 07:42:00'),
(59, 19, NULL, 4, 9, 29, 4, '线下', 'R202607040059', 59, 25.00, '已支付', '爽约', '2026-07-04 07:48:00', '2026-07-04 08:29:00', '2026-07-04 07:43:00'),
(60, 20, NULL, 5, 10, 30, 5, '线上', 'R202607040060', 60, 20.00, '已支付', '爽约', '2026-07-04 07:49:00', '2026-07-04 08:32:00', '2026-07-04 07:44:00'),
(61, 21, NULL, 1, 6, 31, 1, '线下', 'R202606010061', 61, 25.00, '已退费', '已退号', '2026-06-01 07:45:00', NULL, '2026-06-01 07:40:00'),
(62, 22, NULL, 2, 7, 32, 2, '线上', 'R202606010062', 62, 25.00, '已退费', '已退号', '2026-06-01 07:46:00', NULL, '2026-06-01 07:41:00'),
(63, 23, NULL, 3, 8, 33, 3, '线下', 'R202606010063', 63, 30.00, '已退费', '已退号', '2026-06-01 07:47:00', NULL, '2026-06-01 07:42:00'),
(64, 24, NULL, 4, 9, 34, 4, '线上', 'R202606010064', 64, 25.00, '已退费', '已退号', '2026-06-01 07:48:00', NULL, '2026-06-01 07:43:00'),
(65, 25, NULL, 5, 10, 35, 5, '线下', 'R202606010065', 65, 20.00, '已退费', '已退号', '2026-06-01 07:49:00', NULL, '2026-06-01 07:44:00');

INSERT INTO triage_record (triage_id, patient_id, consultation_id, registration_id, triage_doctor_id, recommended_dept_id, chief_complaint, risk_level, triage_result, status, created_at) VALUES
(1, 1, 1, 1, 1, 2, '鼻塞流涕三天', '普通', '分诊至呼吸与危重症医学科普通门诊。', '待分诊', '2026-07-01 07:50:00'),
(2, 2, 2, 2, 2, 1, '血压波动一周', '普通', '建议心血管内科复诊。', '待分诊', '2026-07-01 07:51:00'),
(3, 3, 3, 3, 3, 5, '发热咳嗽两天', '普通', '儿童发热，建议儿科门诊。', '待分诊', '2026-07-01 07:52:00'),
(4, 4, 4, 4, 4, 4, '空腹血糖升高', '普通', '建议内分泌科慢病复诊。', '待分诊', '2026-07-01 07:53:00'),
(5, 5, 5, 5, 5, 3, '反复胃痛一周', '普通', '建议消化内科普通门诊。', '待分诊', '2026-07-01 07:54:00'),
(6, 6, 6, 6, 1, 2, '夜间喘息加重', '普通', '优先呼吸科评估哮喘控制。', '已分诊', '2026-07-01 07:55:00'),
(7, 7, 7, 7, 2, 1, '胸闷胸痛半小时', '普通', '建议心内科优先评估。', '已分诊', '2026-07-01 07:56:00'),
(8, 8, 8, 8, 3, 2, '咳嗽咳痰十天', '普通', '慢阻肺急性加重可能。', '已分诊', '2026-07-01 07:57:00'),
(9, 9, 9, 9, 4, 1, '剧烈头痛伴恶心', '普通', '建议排除血压相关头痛。', '已分诊', '2026-07-01 07:58:00'),
(10, 10, 10, 10, 5, 5, '儿童皮疹伴喘息', '普通', '建议儿科优先观察。', '已分诊', '2026-07-01 07:59:00'),
(11, 11, 11, 11, 1, 4, '甲状腺结节复查', '紧急', '已完成分诊，需完善甲状腺彩超。', '已完成', '2026-07-01 08:00:00'),
(12, 12, 12, 12, 2, 2, '咽部异物感', '紧急', '已完成分诊，考虑慢性咽炎。', '已完成', '2026-07-01 08:01:00'),
(13, 13, 13, 13, 3, 3, '右上腹隐痛', '紧急', '已完成分诊，建议消化科。', '已完成', '2026-07-01 08:02:00'),
(14, 14, 14, 14, 4, 1, '头晕伴血压升高', '紧急', '已完成分诊，心内科复诊。', '已完成', '2026-07-01 08:03:00'),
(15, 15, 15, 15, 5, 5, '皮肤瘙痒伴鼻塞', '紧急', '已完成分诊，儿科过敏评估。', '已完成', '2026-07-01 08:04:00'),
(16, 16, NULL, 16, 1, 1, '慢性肾功能不全复查', '紧急', '患者临时取消分诊。', '已取消', '2026-07-01 08:05:00'),
(17, 17, NULL, 17, 2, 2, '贫血复查', '紧急', '患者改约其他时间。', '已取消', '2026-07-01 08:06:00'),
(18, 18, NULL, 18, 3, 3, '脂肪肝复查', '紧急', '分诊撤销。', '已取消', '2026-07-01 08:07:00'),
(19, 19, NULL, 19, 4, 4, '鼻窦炎复诊', '紧急', '患者未到分诊台。', '已取消', '2026-07-01 08:08:00'),
(20, 20, NULL, 20, 5, 5, '糖尿病复诊', '紧急', '改由人工窗口处理。', '已取消', '2026-07-01 08:09:00');

INSERT INTO outpatient_visit (visit_id, registration_id, patient_id, doctor_id, dept_id, visit_no, queue_no, status, started_at, finished_at, created_at) VALUES
(1, 1, 1, 6, 1, 'V202607010001', 1, '待接诊', NULL, NULL, '2026-07-01 08:01:00'),
(2, 2, 2, 7, 2, 'V202607010002', 2, '待接诊', NULL, NULL, '2026-07-01 08:04:00'),
(3, 3, 3, 8, 3, 'V202607010003', 3, '待接诊', NULL, NULL, '2026-07-01 08:07:00'),
(4, 4, 4, 9, 4, 'V202607010004', 4, '待接诊', NULL, NULL, '2026-07-01 08:10:00'),
(5, 5, 5, 10, 5, 'V202607010005', 5, '待接诊', NULL, NULL, '2026-07-01 08:13:00'),
(6, 6, 6, 6, 1, 'V202607010006', 6, '接诊中', '2026-07-01 08:18:00', NULL, '2026-07-01 08:16:00'),
(7, 7, 7, 7, 2, 'V202607010007', 7, '接诊中', '2026-07-01 08:21:00', NULL, '2026-07-01 08:19:00'),
(8, 8, 8, 8, 3, 'V202607010008', 8, '接诊中', '2026-07-01 08:24:00', NULL, '2026-07-01 08:22:00'),
(9, 9, 9, 9, 4, 'V202607010009', 9, '接诊中', '2026-07-01 08:27:00', NULL, '2026-07-01 08:25:00'),
(10, 10, 10, 10, 5, 'V202607010010', 10, '接诊中', '2026-07-01 08:30:00', NULL, '2026-07-01 08:28:00'),
(11, 11, 11, 6, 1, 'V202607010011', 11, '待检查检验', '2026-07-01 08:33:00', NULL, '2026-07-01 08:31:00'),
(12, 12, 12, 7, 2, 'V202607010012', 12, '待检查检验', '2026-07-01 08:36:00', NULL, '2026-07-01 08:34:00'),
(13, 13, 13, 8, 3, 'V202607010013', 13, '待检查检验', '2026-07-01 08:39:00', NULL, '2026-07-01 08:37:00'),
(14, 14, 14, 9, 4, 'V202607010014', 14, '待检查检验', '2026-07-01 08:42:00', NULL, '2026-07-01 08:40:00'),
(15, 15, 15, 10, 5, 'V202607010015', 15, '待检查检验', '2026-07-01 08:45:00', NULL, '2026-07-01 08:43:00'),
(16, 16, 16, 6, 1, 'V202607010016', 16, '检查检验中', '2026-07-01 08:48:00', NULL, '2026-07-01 08:46:00'),
(17, 17, 17, 7, 2, 'V202607010017', 17, '检查检验中', '2026-07-01 08:51:00', NULL, '2026-07-01 08:49:00'),
(18, 18, 18, 8, 3, 'V202607010018', 18, '检查检验中', '2026-07-01 08:54:00', NULL, '2026-07-01 08:52:00'),
(19, 19, 19, 9, 4, 'V202607010019', 19, '检查检验中', '2026-07-01 08:57:00', NULL, '2026-07-01 08:55:00'),
(20, 20, 20, 10, 5, 'V202607010020', 20, '检查检验中', '2026-07-01 09:00:00', NULL, '2026-07-01 08:58:00'),
(21, 21, 21, 6, 1, 'V202607010021', 21, '报告待回阅', '2026-07-01 09:03:00', NULL, '2026-07-01 09:01:00'),
(22, 22, 22, 7, 2, 'V202607010022', 22, '报告待回阅', '2026-07-01 09:06:00', NULL, '2026-07-01 09:04:00'),
(23, 23, 23, 8, 3, 'V202607010023', 23, '报告待回阅', '2026-07-01 09:09:00', NULL, '2026-07-01 09:07:00'),
(24, 24, 24, 9, 4, 'V202607010024', 24, '报告待回阅', '2026-07-01 09:12:00', NULL, '2026-07-01 09:10:00'),
(25, 25, 25, 10, 5, 'V202607010025', 25, '报告待回阅', '2026-07-01 09:15:00', NULL, '2026-07-01 09:13:00'),
(26, 26, 26, 6, 1, 'V202607010026', 26, '待确诊', '2026-07-01 09:18:00', NULL, '2026-07-01 09:16:00'),
(27, 27, 27, 7, 2, 'V202607010027', 27, '待确诊', '2026-07-01 09:21:00', NULL, '2026-07-01 09:19:00'),
(28, 28, 28, 8, 3, 'V202607010028', 28, '待确诊', '2026-07-01 09:24:00', NULL, '2026-07-01 09:22:00'),
(29, 29, 29, 9, 4, 'V202607010029', 29, '待确诊', '2026-07-01 09:27:00', NULL, '2026-07-01 09:25:00'),
(30, 30, 30, 10, 5, 'V202607010030', 30, '待确诊', '2026-07-01 09:30:00', NULL, '2026-07-01 09:28:00'),
(31, 31, 31, 6, 1, 'V202607010031', 31, '待处置', '2026-07-01 09:33:00', NULL, '2026-07-01 09:31:00'),
(32, 32, 32, 7, 2, 'V202607010032', 32, '待处置', '2026-07-01 09:36:00', NULL, '2026-07-01 09:34:00'),
(33, 33, 33, 8, 3, 'V202607010033', 33, '待处置', '2026-07-01 09:39:00', NULL, '2026-07-01 09:37:00'),
(34, 34, 34, 9, 4, 'V202607010034', 34, '待处置', '2026-07-01 09:42:00', NULL, '2026-07-01 09:40:00'),
(35, 35, 35, 10, 5, 'V202607010035', 35, '待处置', '2026-07-01 09:45:00', NULL, '2026-07-01 09:43:00'),
(36, 36, 36, 6, 1, 'V202607010036', 36, '已完成', '2026-07-01 09:48:00', '2026-07-01 10:18:00', '2026-07-01 09:46:00'),
(37, 37, 37, 7, 2, 'V202607010037', 37, '已完成', '2026-07-01 09:51:00', '2026-07-01 10:21:00', '2026-07-01 09:49:00'),
(38, 38, 38, 8, 3, 'V202607010038', 38, '已完成', '2026-07-01 09:54:00', '2026-07-01 10:24:00', '2026-07-01 09:52:00'),
(39, 39, 39, 9, 4, 'V202607010039', 39, '已完成', '2026-07-01 09:57:00', '2026-07-01 10:27:00', '2026-07-01 09:55:00'),
(40, 40, 40, 10, 5, 'V202607010040', 40, '已完成', '2026-07-01 10:00:00', '2026-07-01 10:30:00', '2026-07-01 09:58:00');

INSERT INTO medical_record (record_id, visit_id, patient_id, doctor_id, chief_complaint, present_illness, current_treatment, past_history, allergy_history, physical_exam, auxiliary_exam, diagnosis, treatment_advice, doctor_note, final_diagnosis, final_opinion, confirmed_doctor_id, confirmed_at, status, initial_saved_at, completed_at, created_at) VALUES
(1, 1, 1, 6, '鼻塞流涕三天', '咽痛轻，无明显发热，偶有喷嚏。', '自行口服感冒冲剂一次。', '过敏性鼻炎5年', '青霉素皮疹史', '咽部充血，双肺呼吸音清。', '暂未完善。', '急性上呼吸道感染', '多饮水，避免受凉，必要时复诊。', '初诊信息待补充。', NULL, NULL, NULL, NULL, '初诊暂存', '2026-07-01 08:05:00', NULL, '2026-07-01 08:02:00'),
(2, 2, 2, 7, '血压波动一周', '家庭血压最高160/96mmHg，无胸痛。', '间断服用氨氯地平。', '高血压病史3年', '无明确药物过敏史', '血压152/92mmHg，心率78次/分。', '建议心电图。', '原发性高血压', '规律监测血压，调整降压药。', '等待完善心电图。', NULL, NULL, NULL, NULL, '初诊暂存', '2026-07-01 08:08:00', NULL, '2026-07-01 08:05:00'),
(3, 3, 3, 8, '发热咳嗽两天', '最高体温38.5度，咳黄痰。', '家中退热一次。', '反复上呼吸道感染', '头孢类药物过敏', '咽红，扁桃体I度肿大。', '建议血常规、CRP。', '急性支气管炎', '物理降温，避免头孢类药物。', '儿童用药需按体重核算。', NULL, NULL, NULL, NULL, '初诊暂存', '2026-07-01 08:11:00', NULL, '2026-07-01 08:08:00'),
(4, 4, 4, 9, '空腹血糖升高', '近期空腹血糖8.2mmol/L，口干多饮。', '二甲双胍间断服用。', '2型糖尿病8年，脂肪肝', '无', '体型偏胖，足背动脉搏动可及。', '建议空腹血糖、肾功能。', '2型糖尿病', '规律服药，低糖饮食。', '需评估肾功能后调整药物。', NULL, NULL, NULL, NULL, '初诊暂存', '2026-07-01 08:14:00', NULL, '2026-07-01 08:11:00'),
(5, 5, 5, 10, '反复胃痛一周', '餐后上腹痛，伴嗳气反酸。', '自行服用铝碳酸镁。', '慢性胃炎病史2年', '海鲜过敏', '上腹轻压痛，无反跳痛。', '建议幽门螺杆菌检测。', '慢性胃炎急性发作', '清淡饮食，口服抑酸药。', '待进一步问诊。', NULL, NULL, NULL, NULL, '初诊暂存', '2026-07-01 08:17:00', NULL, '2026-07-01 08:14:00'),
(6, 6, 6, 6, '夜间喘息加重', '夜间喘息两次，活动后气促。', '间断吸入支气管舒张剂。', '支气管哮喘间断发作', '无', '双肺可闻及散在哮鸣音。', '建议血常规、胸片。', '支气管哮喘急性加重', '规范吸入治疗，观察呼吸困难变化。', '等待补充峰流速。', NULL, NULL, NULL, NULL, '初诊暂存', '2026-07-01 08:21:00', NULL, '2026-07-01 08:19:00'),
(7, 7, 7, 7, '胸闷胸痛半小时', '胸骨后压榨样痛，冠心病史。', '自行含服硝酸甘油一次。', '冠心病，支架术后', '磺胺类药物过敏', '心率86次/分，心音低钝。', '建议心电图、肌钙蛋白。', '胸痛待查', '优先排除急性冠脉综合征。', '需要急诊联动评估。', NULL, NULL, NULL, NULL, '初诊暂存', '2026-07-01 08:24:00', NULL, '2026-07-01 08:22:00'),
(8, 8, 8, 8, '咳嗽咳痰十天', '黄痰增多，活动耐量下降。', '自行口服止咳药。', '慢性阻塞性肺疾病10年', '无', '双肺呼吸音粗，可闻及湿啰音。', '建议胸部CT、痰培养。', '慢阻肺急性加重', '抗感染及支气管舒张治疗评估。', '需补充血氧饱和度。', NULL, NULL, NULL, NULL, '初诊暂存', '2026-07-01 08:27:00', NULL, '2026-07-01 08:25:00'),
(9, 9, 9, 9, '剧烈头痛伴恶心', '较既往偏头痛明显，伴恶心。', '服用止痛药效果一般。', '偏头痛病史', '阿司匹林诱发胃痛', '神志清，颈软，血压138/86mmHg。', '建议头颅CT。', '头痛待查', '观察神经系统体征，必要时急诊处理。', '待补充疼痛评分。', NULL, NULL, NULL, NULL, '初诊暂存', '2026-07-01 08:30:00', NULL, '2026-07-01 08:28:00'),
(10, 10, 10, 10, '儿童皮疹伴喘息', '进食后皮疹，轻度喘息。', '未特殊处理。', '湿疹反复发作', '牛奶蛋白过敏', '躯干散在风团，呼吸稍急。', '建议过敏风险评估。', '急性荨麻疹伴喘息', '避免可疑食物，必要时急诊观察。', '需严密观察呼吸道症状。', NULL, NULL, NULL, NULL, '初诊暂存', '2026-07-01 08:33:00', NULL, '2026-07-01 08:31:00'),
(11, 11, 11, 6, '甲状腺结节复查', '无吞咽困难，近期体重无明显变化。', '未用药。', '甲状腺结节随访', '无', '甲状腺未触及明显肿大。', '待甲状腺彩超。', '甲状腺结节', '完善甲状腺彩超及功能检查。', '等待检查结果补充。', NULL, NULL, NULL, NULL, '待补充', '2026-07-01 08:37:00', NULL, '2026-07-01 08:34:00'),
(12, 12, 12, 7, '咽部异物感', '晨起明显，伴轻咳。', '未规律治疗。', '慢性咽炎', '无', '咽后壁滤泡增生。', '待胸片。', '慢性咽炎', '减少辛辣刺激，必要时评估反流。', '待补充检查。', NULL, NULL, NULL, NULL, '待补充', '2026-07-01 08:40:00', NULL, '2026-07-01 08:37:00'),
(13, 13, 13, 8, '右上腹隐痛', '油腻饮食后不适明显。', '未特殊治疗。', '胆囊结石术后', '青霉素过敏', '右上腹轻压痛。', '待腹部彩超、肝功能。', '右上腹痛待查', '清淡饮食，完善检查后复诊。', '待回传超声。', NULL, NULL, NULL, NULL, '待补充', '2026-07-01 08:43:00', NULL, '2026-07-01 08:40:00'),
(14, 14, 14, 9, '头晕伴血压升高', '未规律服药，血压波动。', '间断使用降压药。', '高血压10年，慢性胃炎', '无', '血压150/92mmHg。', '待心电图。', '原发性高血压', '恢复规律服药并监测血压。', '等待心电图回阅。', NULL, NULL, NULL, NULL, '待补充', '2026-07-01 08:46:00', NULL, '2026-07-01 08:43:00'),
(15, 15, 15, 10, '皮肤瘙痒伴鼻塞', '接触花粉后症状加重。', '未特殊治疗。', '过敏性皮炎', '芒果过敏', '鼻黏膜苍白水肿，皮肤抓痕。', '待过敏评估。', '过敏性鼻炎', '避免过敏原，口服抗组胺药。', '待补充用药效果。', NULL, NULL, NULL, NULL, '待补充', '2026-07-01 08:49:00', NULL, '2026-07-01 08:46:00'),
(16, 16, 16, 6, '慢性肾功能不全复查', '近期乏力，尿量无明显变化。', '规律服药。', '慢性肾功能不全，高血压', '无', '双下肢轻度水肿。', '待肾功能、尿常规。', '慢性肾功能不全', '低盐饮食，复查肾功能。', '待检验结果补充。', NULL, NULL, NULL, NULL, '待补充', '2026-07-01 08:52:00', NULL, '2026-07-01 08:49:00'),
(17, 17, 17, 7, '贫血复查', '近期乏力，月经量偏多。', '口服铁剂间断。', '缺铁性贫血', '无', '睑结膜稍苍白。', '待血常规、铁蛋白。', '缺铁性贫血', '规律补铁，完善血常规。', '待化验结果。', NULL, NULL, NULL, NULL, '待补充', '2026-07-01 08:55:00', NULL, '2026-07-01 08:52:00'),
(18, 18, 18, 8, '脂肪肝复查', '无明显腹痛，饮酒后不适。', '未服药。', '脂肪肝，高尿酸血症', '酒精过敏', '腹软，无压痛。', '待肝功能、腹部彩超。', '脂肪肝', '控制体重，限制饮酒。', '待检查结果。', NULL, NULL, NULL, NULL, '待补充', '2026-07-01 08:58:00', NULL, '2026-07-01 08:55:00'),
(19, 19, 19, 9, '鼻窦炎复诊', '鼻塞脓涕反复，头面部闷痛。', '间断鼻喷激素。', '鼻窦炎反复', '无', '鼻腔黏膜充血。', '待血常规。', '慢性鼻窦炎急性发作', '继续鼻喷激素，必要时抗感染。', '待补充影像。', NULL, NULL, NULL, NULL, '待补充', '2026-07-01 09:01:00', NULL, '2026-07-01 08:58:00'),
(20, 20, 20, 10, '糖尿病复诊', '足部麻木，血糖波动。', '二甲双胍规律服用。', '2型糖尿病，周围神经病变', '无', '足部感觉减退。', '待空腹血糖、肾功能。', '2型糖尿病周围神经病变', '加强血糖管理，评估并发症。', '待检查结果补充。', NULL, NULL, NULL, NULL, '待补充', '2026-07-01 09:04:00', NULL, '2026-07-01 09:01:00'),
(21, 21, 21, 6, '慢性胆囊炎复诊', '右上腹隐痛，油腻饮食诱发。', '未规律服药。', '慢性胆囊炎', '头孢呋辛皮疹史', '腹软，右上腹轻压痛。', '腹部彩超提示胆囊壁毛糙。', '慢性胆囊炎', '低脂饮食，必要时消化科复诊。', '病历已完成。', '慢性胆囊炎', '门诊随访，症状加重及时复诊。', 6, '2026-07-01 09:35:00', '已完成', '2026-07-01 09:07:00', '2026-07-01 09:35:00', '2026-07-01 09:04:00'),
(22, 22, 22, 7, '膝关节疼痛', '运动后疼痛，无明显外伤。', '休息后稍缓解。', '运动性膝关节损伤', '无', '膝关节轻压痛，活动度可。', '未见急性骨折征象。', '膝关节软组织损伤', '减少剧烈运动，必要时骨科随诊。', '病历已完成。', '膝关节软组织损伤', '保守治疗观察。', 7, '2026-07-01 09:38:00', '已完成', '2026-07-01 09:10:00', '2026-07-01 09:38:00', '2026-07-01 09:07:00'),
(23, 23, 23, 8, '甲减复查', '乏力，畏寒，服药规律。', '左甲状腺素规律服用。', '甲状腺功能减退', '无', '甲状腺无明显肿大。', '甲功待复查。', '甲状腺功能减退症', '继续当前剂量，复查甲功。', '病历已完成。', '甲状腺功能减退症', '依据甲功调整药量。', 8, '2026-07-01 09:41:00', '已完成', '2026-07-01 09:13:00', '2026-07-01 09:41:00', '2026-07-01 09:10:00'),
(24, 24, 24, 9, '冠心病复诊', '活动后胸闷，无静息胸痛。', '阿司匹林、他汀规律服用。', '冠心病，血脂异常', '无', '心率72次/分，心律齐。', '心电图无急性缺血改变。', '冠心病稳定型心绞痛', '继续二级预防，监测血脂。', '病历已完成。', '冠心病稳定型心绞痛', '规律用药，三个月复诊。', 9, '2026-07-01 09:44:00', '已完成', '2026-07-01 09:16:00', '2026-07-01 09:44:00', '2026-07-01 09:13:00'),
(25, 25, 25, 10, '过敏性结膜炎', '眼痒流泪，花粉季加重。', '偶用滴眼液。', '过敏性结膜炎', '花粉过敏', '双眼结膜轻度充血。', '未见感染证据。', '过敏性结膜炎', '避免花粉暴露，口服抗组胺药。', '病历已完成。', '过敏性结膜炎', '症状加重眼科随诊。', 10, '2026-07-01 09:47:00', '已完成', '2026-07-01 09:19:00', '2026-07-01 09:47:00', '2026-07-01 09:16:00'),
(26, 26, 26, 6, '儿童哮喘复查', '近一周夜间咳嗽，活动后喘。', '吸入药使用不规律。', '儿童哮喘缓解期', '鸡蛋过敏', '双肺呼吸音粗。', '肺功能待完善。', '支气管哮喘', '规范吸入治疗，观察症状。', '病历已完成。', '支气管哮喘', '按计划复诊评估控制水平。', 6, '2026-07-01 09:50:00', '已完成', '2026-07-01 09:22:00', '2026-07-01 09:50:00', '2026-07-01 09:19:00'),
(27, 27, 27, 7, '骨质疏松复诊', '腰背酸痛，近期无跌倒。', '钙剂间断服用。', '骨质疏松，高血压', '无', '脊柱轻叩痛。', '待骨密度复查。', '骨质疏松症', '补钙和维生素D，防跌倒。', '病历已完成。', '骨质疏松症', '三个月复诊。', 7, '2026-07-01 09:53:00', '已完成', '2026-07-01 09:25:00', '2026-07-01 09:53:00', '2026-07-01 09:22:00'),
(28, 28, 28, 8, '反酸烧心', '饭后反酸，夜间明显。', '偶服奥美拉唑。', '胃食管反流病', '无', '上腹轻压痛。', '未见报警症状。', '胃食管反流病', '规律抑酸治疗，避免夜宵。', '病历已完成。', '胃食管反流病', '四周后复诊。', 8, '2026-07-01 09:56:00', '已完成', '2026-07-01 09:28:00', '2026-07-01 09:56:00', '2026-07-01 09:25:00'),
(29, 29, 29, 9, '尿频尿痛', '尿频尿急尿痛两天，无发热。', '未用抗生素。', '反复尿路感染', '磺胺类药物过敏', '双肾区无叩痛。', '尿常规白细胞升高。', '急性膀胱炎', '多饮水，按药敏调整用药。', '病历已完成。', '急性膀胱炎', '症状未缓解及时复诊。', 9, '2026-07-01 09:59:00', '已完成', '2026-07-01 09:31:00', '2026-07-01 09:59:00', '2026-07-01 09:28:00'),
(30, 30, 30, 10, '慢阻肺复诊', '咳痰较前增多，活动后气短。', '吸入药规律使用。', '慢性阻塞性肺疾病，肺气肿', '无', '桶状胸，双肺呼吸音低。', '胸部CT提示肺气肿改变。', '慢性阻塞性肺疾病', '继续吸入治疗，戒烟，肺康复。', '病历已完成。', '慢性阻塞性肺疾病', '按慢病计划随访。', 10, '2026-07-01 10:02:00', '已完成', '2026-07-01 09:34:00', '2026-07-01 10:02:00', '2026-07-01 09:31:00'),
(31, 31, 31, 6, '消化不良', '餐后腹胀，早饱。', '未规律治疗。', '功能性消化不良', '无', '腹软，无明显压痛。', '未完善。', '功能性消化不良', '少量多餐，必要时抑酸促动力治疗。', '重复建档作废。', NULL, NULL, NULL, NULL, '已作废', '2026-07-01 09:37:00', NULL, '2026-07-01 09:34:00'),
(32, 32, 32, 7, '高尿酸复查', '无痛风急性发作。', '饮食控制不规律。', '高尿酸血症', '无', '关节无红肿。', '待尿酸复查。', '高尿酸血症', '低嘌呤饮食。', '患者改由慢病门诊建档，此记录作废。', NULL, NULL, NULL, NULL, '已作废', '2026-07-01 09:40:00', NULL, '2026-07-01 09:37:00'),
(33, 33, 33, 8, '慢性支气管炎', '咳嗽咳痰反复。', '未规律治疗。', '慢性支气管炎', '青霉素过敏', '双肺呼吸音粗。', '未完善。', '慢性支气管炎', '避免受凉，必要时完善胸片。', '录入患者信息错误，作废。', NULL, NULL, NULL, NULL, '已作废', '2026-07-01 09:43:00', NULL, '2026-07-01 09:40:00'),
(34, 34, 34, 9, '过敏性鼻炎', '鼻痒喷嚏反复。', '鼻喷药间断使用。', '过敏性鼻炎', '无', '鼻黏膜苍白。', '未完善。', '过敏性鼻炎', '规范鼻喷激素。', '重复病历，作废。', NULL, NULL, NULL, NULL, '已作废', '2026-07-01 09:46:00', NULL, '2026-07-01 09:43:00'),
(35, 35, 35, 10, '儿童湿疹', '皮疹反复瘙痒。', '外用润肤剂。', '湿疹，反复咳嗽', '牛奶蛋白过敏', '四肢散在湿疹样皮疹。', '未完善。', '特应性皮炎', '加强保湿，避免过敏原。', '家属要求重新建档，作废。', NULL, NULL, NULL, NULL, '已作废', '2026-07-01 09:49:00', NULL, '2026-07-01 09:46:00'),
(36, 36, 36, 6, '慢性胃炎复诊', '上腹不适，饥饿痛。', '间断抑酸药。', '慢性胃炎，高血压', '无', '上腹轻压痛。', '未完善。', '慢性胃炎', '规律抑酸治疗。', '信息重复作废。', NULL, NULL, NULL, NULL, '已作废', '2026-07-01 09:52:00', NULL, '2026-07-01 09:49:00'),
(37, 37, 37, 7, '偏头痛复诊', '头痛反复，睡眠不足诱发。', '止痛药间断使用。', '偏头痛', '无', '神经系统查体未见定位体征。', '未完善。', '偏头痛', '规律作息。', '患者改约神经专科，此记录作废。', NULL, NULL, NULL, NULL, '已作废', '2026-07-01 09:55:00', NULL, '2026-07-01 09:52:00'),
(38, 38, 38, 8, '慢性鼻窦炎', '鼻塞脓涕反复。', '鼻喷药间断使用。', '慢性鼻窦炎', '阿莫西林皮疹史', '鼻腔黏膜充血。', '未完善。', '慢性鼻窦炎', '鼻腔冲洗。', '误选科室，作废。', NULL, NULL, NULL, NULL, '已作废', '2026-07-01 09:58:00', NULL, '2026-07-01 09:55:00'),
(39, 39, 39, 9, '冠心病随访', '活动耐量尚可。', '二级预防药物规律。', '冠心病，高脂血症', '无', '心律齐。', '未完善。', '冠心病', '继续二级预防。', '重复提交作废。', NULL, NULL, NULL, NULL, '已作废', '2026-07-01 10:01:00', NULL, '2026-07-01 09:58:00'),
(40, 40, 40, 10, '幼儿湿疹', '皮疹反复，瘙痒。', '外用润肤剂。', '婴幼儿湿疹', '鸡蛋过敏', '面颊和四肢湿疹样皮疹。', '未完善。', '婴幼儿湿疹', '加强皮肤护理。', '重复病历作废。', NULL, NULL, NULL, NULL, '已作废', '2026-07-01 10:04:00', NULL, '2026-07-01 10:01:00');

INSERT INTO fee_order (fee_order_id, order_no, patient_id, registration_id, visit_id, business_type, business_id, total_amount, paid_amount, refund_amount, status, created_by, paid_at, created_at) VALUES
(1, 'F202607010001', 1, 1, 1, 'REGISTRATION', 1, 25.00, 0.00, 0.00, '待支付', 1, NULL, '2026-07-01 07:46:00'),
(2, 'F202607010002', 2, 2, 2, 'REGISTRATION', 2, 25.00, 0.00, 0.00, '待支付', 2, NULL, '2026-07-01 07:47:00'),
(3, 'F202607010003', 3, 3, 3, 'REGISTRATION', 3, 30.00, 0.00, 0.00, '待支付', 3, NULL, '2026-07-01 07:48:00'),
(4, 'F202607010004', 4, 4, 4, 'REGISTRATION', 4, 25.00, 0.00, 0.00, '待支付', 4, NULL, '2026-07-01 07:49:00'),
(5, 'F202607010005', 5, 5, 5, 'REGISTRATION', 5, 20.00, 0.00, 0.00, '待支付', 5, NULL, '2026-07-01 07:50:00'),
(6, 'F202607010006', 6, 6, 6, 'REGISTRATION', 6, 25.00, 25.00, 0.00, '已支付', 1, '2026-07-01 07:56:00', '2026-07-01 07:51:00'),
(7, 'F202607010007', 7, 7, 7, 'REGISTRATION', 7, 25.00, 25.00, 0.00, '已支付', 2, '2026-07-01 07:57:00', '2026-07-01 07:52:00'),
(8, 'F202607010008', 8, 8, 8, 'REGISTRATION', 8, 30.00, 30.00, 0.00, '已支付', 3, '2026-07-01 07:58:00', '2026-07-01 07:53:00'),
(9, 'F202607010009', 9, 9, 9, 'REGISTRATION', 9, 25.00, 25.00, 0.00, '已支付', 4, '2026-07-01 07:59:00', '2026-07-01 07:54:00'),
(10, 'F202607010010', 10, 10, 10, 'REGISTRATION', 10, 20.00, 20.00, 0.00, '已支付', 5, '2026-07-01 08:00:00', '2026-07-01 07:55:00'),
(11, 'F202607010011', 11, 11, 11, 'REGISTRATION', 11, 25.00, 25.00, 25.00, '已退费', 1, '2026-07-01 08:01:00', '2026-07-01 07:56:00'),
(12, 'F202607010012', 12, 12, 12, 'REGISTRATION', 12, 25.00, 25.00, 25.00, '已退费', 2, '2026-07-01 08:02:00', '2026-07-01 07:57:00'),
(13, 'F202607010013', 13, 13, 13, 'REGISTRATION', 13, 30.00, 30.00, 30.00, '已退费', 3, '2026-07-01 08:03:00', '2026-07-01 07:58:00'),
(14, 'F202607010014', 14, 14, 14, 'REGISTRATION', 14, 25.00, 25.00, 25.00, '已退费', 4, '2026-07-01 08:04:00', '2026-07-01 07:59:00'),
(15, 'F202607010015', 15, 15, 15, 'REGISTRATION', 15, 20.00, 20.00, 20.00, '已退费', 5, '2026-07-01 08:05:00', '2026-07-01 08:00:00'),
(16, 'F202607010016', 16, 16, 16, 'EXAM_LAB_ORDER', 1, 80.00, 0.00, 0.00, '待支付', 1, NULL, '2026-07-01 09:20:00'),
(17, 'F202607010017', 17, 17, 17, 'EXAM_LAB_ORDER', 2, 75.00, 0.00, 0.00, '待支付', 2, NULL, '2026-07-01 09:21:00'),
(18, 'F202607010018', 18, 18, 18, 'EXAM_LAB_ORDER', 3, 120.00, 0.00, 0.00, '待支付', 3, NULL, '2026-07-01 09:22:00'),
(19, 'F202607010019', 19, 19, 19, 'EXAM_LAB_ORDER', 4, 110.00, 0.00, 0.00, '待支付', 4, NULL, '2026-07-01 09:23:00'),
(20, 'F202607010020', 20, 20, 20, 'EXAM_LAB_ORDER', 5, 260.00, 0.00, 0.00, '待支付', 5, NULL, '2026-07-01 09:24:00'),
(21, 'F202607010021', 21, 21, 21, 'EXAM_LAB_ORDER', 6, 25.00, 25.00, 0.00, '已支付', 1, '2026-07-01 09:31:00', '2026-07-01 09:25:00'),
(22, 'F202607010022', 22, 22, 22, 'EXAM_LAB_ORDER', 7, 40.00, 40.00, 0.00, '已支付', 2, '2026-07-01 09:32:00', '2026-07-01 09:26:00'),
(23, 'F202607010023', 23, 23, 23, 'EXAM_LAB_ORDER', 8, 85.00, 85.00, 0.00, '已支付', 3, '2026-07-01 09:33:00', '2026-07-01 09:27:00'),
(24, 'F202607010024', 24, 24, 24, 'EXAM_LAB_ORDER', 9, 60.00, 60.00, 0.00, '已支付', 4, '2026-07-01 09:34:00', '2026-07-01 09:28:00'),
(25, 'F202607010025', 25, 25, 25, 'EXAM_LAB_ORDER', 10, 12.00, 12.00, 0.00, '已支付', 5, '2026-07-01 09:35:00', '2026-07-01 09:29:00'),
(26, 'F202607010026', 26, 26, 26, 'PRESCRIPTION', 1, 37.00, 37.00, 0.00, '已支付', 1, '2026-07-01 10:01:00', '2026-07-01 09:55:00'),
(27, 'F202607010027', 27, 27, 27, 'PRESCRIPTION', 2, 32.00, 32.00, 0.00, '已支付', 2, '2026-07-01 10:02:00', '2026-07-01 09:56:00'),
(28, 'F202607010028', 28, 28, 28, 'PRESCRIPTION', 3, 28.00, 28.00, 0.00, '已支付', 3, '2026-07-01 10:03:00', '2026-07-01 09:57:00'),
(29, 'F202607010029', 29, 29, 29, 'PRESCRIPTION', 4, 22.50, 22.50, 0.00, '已支付', 4, '2026-07-01 10:04:00', '2026-07-01 09:58:00'),
(30, 'F202607010030', 30, 30, 30, 'PRESCRIPTION', 5, 8.00, 8.00, 0.00, '已支付', 5, '2026-07-01 10:05:00', '2026-07-01 09:59:00'),
(31, 'F202607010031', 31, 31, 31, 'PRESCRIPTION', 6, 19.80, 19.80, 19.80, '已退费', 1, '2026-07-01 10:06:00', '2026-07-01 10:00:00'),
(32, 'F202607010032', 32, 32, 32, 'PRESCRIPTION', 7, 45.00, 45.00, 45.00, '已退费', 2, '2026-07-01 10:07:00', '2026-07-01 10:01:00'),
(33, 'F202607010033', 33, 33, 33, 'PRESCRIPTION', 8, 26.00, 26.00, 26.00, '已退费', 3, '2026-07-01 10:08:00', '2026-07-01 10:02:00'),
(34, 'F202607010034', 34, 34, 34, 'PRESCRIPTION', 9, 12.00, 12.00, 12.00, '已退费', 4, '2026-07-01 10:09:00', '2026-07-01 10:03:00'),
(35, 'F202607010035', 35, 35, 35, 'PRESCRIPTION', 10, 34.00, 34.00, 34.00, '已退费', 5, '2026-07-01 10:10:00', '2026-07-01 10:04:00'),
(36, 'F202607010036', 36, 36, 36, 'PRESCRIPTION', 11, 42.00, 0.00, 0.00, '待支付', 1, NULL, '2026-07-01 10:05:00'),
(37, 'F202607010037', 37, 37, 37, 'PRESCRIPTION', 12, 16.00, 0.00, 0.00, '待支付', 2, NULL, '2026-07-01 10:06:00'),
(38, 'F202607010038', 38, 38, 38, 'PRESCRIPTION', 13, 15.00, 0.00, 0.00, '待支付', 3, NULL, '2026-07-01 10:07:00'),
(39, 'F202607010039', 39, 39, 39, 'PRESCRIPTION', 14, 29.00, 0.00, 0.00, '待支付', 4, NULL, '2026-07-01 10:08:00'),
(40, 'F202607010040', 40, 40, 40, 'PRESCRIPTION', 15, 9.50, 0.00, 0.00, '待支付', 5, NULL, '2026-07-01 10:09:00'),
(41, 'F202607010041', 1, 1, 1, 'OTHER', NULL, 18.00, 18.00, 0.00, '已支付', 1, '2026-07-01 10:20:00', '2026-07-01 10:15:00'),
(42, 'F202607010042', 2, 2, 2, 'OTHER', NULL, 45.00, 45.00, 0.00, '已支付', 2, '2026-07-01 10:21:00', '2026-07-01 10:16:00'),
(43, 'F202607010043', 3, 3, 3, 'OTHER', NULL, 320.00, 0.00, 0.00, '待支付', 3, NULL, '2026-07-01 10:17:00'),
(44, 'F202607010044', 4, 4, 4, 'OTHER', NULL, 35.00, 35.00, 35.00, '已退费', 4, '2026-07-01 10:23:00', '2026-07-01 10:18:00'),
(45, 'F202607010045', 5, 5, 5, 'OTHER', NULL, 22.00, 22.00, 0.00, '已支付', 5, '2026-07-01 10:24:00', '2026-07-01 10:19:00');

INSERT INTO fee_order_item (fee_order_item_id, fee_order_id, item_type, item_id, item_code, item_name, item_spec, unit_price, quantity, amount, status, created_at) VALUES
(1, 1, '挂号', NULL, 'REG-FEE', '普通门诊挂号费', '心血管内科', 25.00, 1.00, 25.00, '待支付', '2026-07-01 07:46:30'),
(2, 2, '挂号', NULL, 'REG-FEE', '普通门诊挂号费', '呼吸科', 25.00, 1.00, 25.00, '待支付', '2026-07-01 07:47:30'),
(3, 3, '挂号', NULL, 'REG-FEE', '专家门诊挂号费', '消化内科', 30.00, 1.00, 30.00, '待支付', '2026-07-01 07:48:30'),
(4, 4, '挂号', NULL, 'REG-FEE', '普通门诊挂号费', '内分泌科', 25.00, 1.00, 25.00, '待支付', '2026-07-01 07:49:30'),
(5, 5, '挂号', NULL, 'REG-FEE', '儿科门诊挂号费', '儿科门诊', 20.00, 1.00, 20.00, '待支付', '2026-07-01 07:50:30'),
(6, 6, '挂号', NULL, 'REG-FEE', '普通门诊挂号费', '心血管内科', 25.00, 1.00, 25.00, '已支付', '2026-07-01 07:51:30'),
(7, 7, '挂号', NULL, 'REG-FEE', '普通门诊挂号费', '呼吸科', 25.00, 1.00, 25.00, '已支付', '2026-07-01 07:52:30'),
(8, 8, '挂号', NULL, 'REG-FEE', '专家门诊挂号费', '消化内科', 30.00, 1.00, 30.00, '已支付', '2026-07-01 07:53:30'),
(9, 9, '挂号', NULL, 'REG-FEE', '普通门诊挂号费', '内分泌科', 25.00, 1.00, 25.00, '已支付', '2026-07-01 07:54:30'),
(10, 10, '挂号', NULL, 'REG-FEE', '儿科门诊挂号费', '儿科门诊', 20.00, 1.00, 20.00, '已支付', '2026-07-01 07:55:30'),
(11, 11, '挂号', NULL, 'REG-FEE', '普通门诊挂号费', '心血管内科', 25.00, 1.00, 25.00, '已退费', '2026-07-01 07:56:30'),
(12, 12, '挂号', NULL, 'REG-FEE', '普通门诊挂号费', '呼吸科', 25.00, 1.00, 25.00, '已退费', '2026-07-01 07:57:30'),
(13, 13, '挂号', NULL, 'REG-FEE', '专家门诊挂号费', '消化内科', 30.00, 1.00, 30.00, '已退费', '2026-07-01 07:58:30'),
(14, 14, '挂号', NULL, 'REG-FEE', '普通门诊挂号费', '内分泌科', 25.00, 1.00, 25.00, '已退费', '2026-07-01 07:59:30'),
(15, 15, '挂号', NULL, 'REG-FEE', '儿科门诊挂号费', '儿科门诊', 20.00, 1.00, 20.00, '已退费', '2026-07-01 08:00:30'),
(16, 16, '检查', 1, 'EX-DR-CHEST', '胸部正位片', 'DR', 80.00, 1.00, 80.00, '待支付', '2026-07-01 09:20:30'),
(17, 17, '检查', 2, 'EX-DR-ABD', '腹部立位片', 'DR', 75.00, 1.00, 75.00, '待支付', '2026-07-01 09:21:30'),
(18, 18, '检查', 3, 'EX-US-ABD', '腹部彩超', '彩超', 120.00, 1.00, 120.00, '待支付', '2026-07-01 09:22:30'),
(19, 19, '检查', 4, 'EX-US-THY', '甲状腺彩超', '彩超', 110.00, 1.00, 110.00, '待支付', '2026-07-01 09:23:30'),
(20, 20, '检查', 5, 'EX-CT-HEAD', '头颅CT平扫', 'CT', 260.00, 1.00, 260.00, '待支付', '2026-07-01 09:24:30'),
(21, 21, '检验', 11, 'LAB-CBC', '血常规', '静脉血', 25.00, 1.00, 25.00, '已支付', '2026-07-01 09:25:30'),
(22, 22, '检验', 12, 'LAB-CRP', 'C反应蛋白', '静脉血', 40.00, 1.00, 40.00, '已支付', '2026-07-01 09:26:30'),
(23, 23, '检验', 13, 'LAB-LFT', '肝功能八项', '静脉血', 85.00, 1.00, 85.00, '已支付', '2026-07-01 09:27:30'),
(24, 24, '检验', 14, 'LAB-RFT', '肾功能三项', '静脉血', 60.00, 1.00, 60.00, '已支付', '2026-07-01 09:28:30'),
(25, 25, '检验', 15, 'LAB-GLU', '空腹血糖', '静脉血', 12.00, 1.00, 12.00, '已支付', '2026-07-01 09:29:30'),
(26, 26, '药品', 1, 'DRUG-AMOX-025', '阿莫西林胶囊', '0.25g*24粒', 18.50, 2.00, 37.00, '已支付', '2026-07-01 09:55:30'),
(27, 27, '药品', 2, 'DRUG-CEFU-025', '头孢呋辛酯片', '0.25g*12片', 32.00, 1.00, 32.00, '已支付', '2026-07-01 09:56:30'),
(28, 28, '药品', 3, 'DRUG-AZI-025', '阿奇霉素分散片', '0.25g*6片', 28.00, 1.00, 28.00, '已支付', '2026-07-01 09:57:30'),
(29, 29, '药品', 4, 'DRUG-IBU-02', '布洛芬缓释胶囊', '0.3g*20粒', 22.50, 1.00, 22.50, '已支付', '2026-07-01 09:58:30'),
(30, 30, '药品', 5, 'DRUG-PARA-05', '对乙酰氨基酚片', '0.5g*12片', 8.00, 1.00, 8.00, '已支付', '2026-07-01 09:59:30'),
(31, 31, '药品', 6, 'DRUG-LORA-10', '氯雷他定片', '10mg*6片', 19.80, 1.00, 19.80, '已退费', '2026-07-01 10:00:30'),
(32, 32, '药品', 7, 'DRUG-MONT-10', '孟鲁司特钠片', '10mg*5片', 45.00, 1.00, 45.00, '已退费', '2026-07-01 10:01:30'),
(33, 33, '药品', 8, 'DRUG-OMEP-20', '奥美拉唑肠溶胶囊', '20mg*14粒', 26.00, 1.00, 26.00, '已退费', '2026-07-01 10:02:30'),
(34, 34, '药品', 9, 'DRUG-METF-05', '盐酸二甲双胍片', '0.5g*20片', 12.00, 1.00, 12.00, '已退费', '2026-07-01 10:03:30'),
(35, 35, '药品', 10, 'DRUG-AMLO-5', '苯磺酸氨氯地平片', '5mg*14片', 34.00, 1.00, 34.00, '已退费', '2026-07-01 10:04:30'),
(36, 36, '药品', 11, 'DRUG-ATOR-20', '阿托伐他汀钙片', '20mg*7片', 42.00, 1.00, 42.00, '待支付', '2026-07-01 10:05:30'),
(37, 37, '药品', 12, 'DRUG-ASP-100', '阿司匹林肠溶片', '100mg*30片', 16.00, 1.00, 16.00, '待支付', '2026-07-01 10:06:30'),
(38, 38, '药品', 13, 'DRUG-CETI-10', '盐酸西替利嗪片', '10mg*12片', 15.00, 1.00, 15.00, '待支付', '2026-07-01 10:07:30'),
(39, 39, '药品', 14, 'DRUG-LEV-50', '左甲状腺素钠片', '50ug*100片', 29.00, 1.00, 29.00, '待支付', '2026-07-01 10:08:30'),
(40, 40, '药品', 15, 'DRUG-ORS', '口服补液盐散', '5.125g*6袋', 9.50, 1.00, 9.50, '待支付', '2026-07-01 10:09:30'),
(41, 41, '检验', 16, 'LAB-UA', '尿常规', '尿液', 18.00, 1.00, 18.00, '已支付', '2026-07-01 10:15:30'),
(42, 42, '检验', 17, 'LAB-UACR', '尿微量白蛋白肌酐比', '尿液', 45.00, 1.00, 45.00, '已支付', '2026-07-01 10:16:30'),
(43, 43, '检查', 6, 'EX-CT-CHEST', '胸部CT平扫', 'CT', 320.00, 1.00, 320.00, '待支付', '2026-07-01 10:17:30'),
(44, 44, '检查', 7, 'EX-ECG-12', '十二导联心电图', '心电图', 35.00, 1.00, 35.00, '已退费', '2026-07-01 10:18:30'),
(45, 45, '检验', 18, 'LAB-UPT', '尿妊娠试验', '尿液', 22.00, 1.00, 22.00, '已支付', '2026-07-01 10:19:30');

INSERT INTO payment_record (payment_id, fee_order_id, payment_no, payment_method, payment_amount, payer_name, status, paid_at, operator_user_id, remark) VALUES
(1, 6, 'PAY202607010001', '现金', 25.00, '卢浩然', '成功', '2026-07-01 07:56:00', 1, '窗口现金支付'),
(2, 7, 'PAY202607010002', '现金', 25.00, '范婧雯', '成功', '2026-07-01 07:57:00', 2, '窗口现金支付'),
(3, 8, 'PAY202607010003', '现金', 30.00, '柯明轩', '成功', '2026-07-01 07:58:00', 3, '窗口现金支付'),
(4, 9, 'PAY202607010004', '现金', 25.00, '邱若溪', '成功', '2026-07-01 07:59:00', 4, '窗口现金支付'),
(5, 10, 'PAY202607010005', '现金', 20.00, '殷子涵', '成功', '2026-07-01 08:00:00', 5, '窗口现金支付'),
(6, 11, 'PAY202607010006', '微信', 25.00, '苏景澜', '成功', '2026-07-01 08:01:00', 1, '微信扫码支付'),
(7, 12, 'PAY202607010007', '微信', 25.00, '程宇航', '成功', '2026-07-01 08:02:00', 2, '微信扫码支付'),
(8, 13, 'PAY202607010008', '微信', 30.00, '白若兰', '成功', '2026-07-01 08:03:00', 3, '微信扫码支付'),
(9, 14, 'PAY202607010009', '微信', 25.00, '崔俊杰', '成功', '2026-07-01 08:04:00', 4, '微信扫码支付'),
(10, 15, 'PAY202607010010', '微信', 20.00, '姜语嫣', '成功', '2026-07-01 08:05:00', 5, '微信扫码支付'),
(11, 21, 'PAY202607010011', '支付宝', 25.00, '任诗涵', '成功', '2026-07-01 09:31:00', 1, '支付宝扫码支付'),
(12, 22, 'PAY202607010012', '支付宝', 40.00, '邵逸凡', '成功', '2026-07-01 09:32:00', 2, '支付宝扫码支付'),
(13, 23, 'PAY202607010013', '支付宝', 85.00, '戴梦琪', '成功', '2026-07-01 09:33:00', 3, '支付宝扫码支付'),
(14, 24, 'PAY202607010014', '支付宝', 60.00, '孔令涛', '成功', '2026-07-01 09:34:00', 4, '支付宝扫码支付'),
(15, 25, 'PAY202607010015', '支付宝', 12.00, '顾安然', '成功', '2026-07-01 09:35:00', 5, '支付宝扫码支付'),
(16, 26, 'PAY202607010016', '银行卡', 37.00, '贺子昂', '成功', '2026-07-01 10:01:00', 1, '银行卡支付'),
(17, 27, 'PAY202607010017', '银行卡', 32.00, '梅雪晴', '成功', '2026-07-01 10:02:00', 2, '银行卡支付'),
(18, 28, 'PAY202607010018', '银行卡', 28.00, '钱昊天', '成功', '2026-07-01 10:03:00', 3, '银行卡支付'),
(19, 29, 'PAY202607010019', '银行卡', 22.50, '石婉婷', '成功', '2026-07-01 10:04:00', 4, '银行卡支付'),
(20, 30, 'PAY202607010020', '银行卡', 8.00, '龙嘉树', '成功', '2026-07-01 10:05:00', 5, '银行卡支付'),
(21, 31, 'PAY202607010021', '医保', 19.80, '叶清妍', '成功', '2026-07-01 10:06:00', 1, '医保个人账户支付'),
(22, 32, 'PAY202607010022', '医保', 45.00, '田嘉木', '成功', '2026-07-01 10:07:00', 2, '医保个人账户支付'),
(23, 33, 'PAY202607010023', '医保', 26.00, '江映雪', '成功', '2026-07-01 10:08:00', 3, '医保个人账户支付'),
(24, 34, 'PAY202607010024', '医保', 12.00, '莫子轩', '成功', '2026-07-01 10:09:00', 4, '医保个人账户支付'),
(25, 35, 'PAY202607010025', '医保', 34.00, '贾思琪', '成功', '2026-07-01 10:10:00', 5, '医保个人账户支付'),
(26, 41, 'PAY202607010026', '混合支付', 18.00, '郭晓彤', '成功', '2026-07-01 10:20:00', 1, '医保加自费混合支付'),
(27, 42, 'PAY202607010027', '混合支付', 45.00, '廖文斌', '成功', '2026-07-01 10:21:00', 2, '医保加自费混合支付'),
(28, 44, 'PAY202607010028', '混合支付', 35.00, '袁志强', '成功', '2026-07-01 10:23:00', 4, '医保加自费混合支付'),
(29, 45, 'PAY202607010029', '混合支付', 22.00, '郑欣怡', '成功', '2026-07-01 10:24:00', 5, '医保加自费混合支付'),
(30, 6, 'PAY202607010030', '混合支付', 25.00, '卢浩然', '成功', '2026-07-01 10:25:00', 1, '补充成功支付样例'),
(31, 1, 'PAY202607010031', '现金', 25.00, '郭晓彤', '失败', '2026-07-01 07:47:00', 1, '患者现金支付中断'),
(32, 2, 'PAY202607010032', '微信', 25.00, '廖文斌', '失败', '2026-07-01 07:48:00', 2, '微信支付超时'),
(33, 3, 'PAY202607010033', '支付宝', 30.00, '蔡雨萌', '失败', '2026-07-01 07:49:00', 3, '支付宝余额不足'),
(34, 4, 'PAY202607010034', '银行卡', 25.00, '袁志强', '失败', '2026-07-01 07:50:00', 4, '银行卡交易失败'),
(35, 5, 'PAY202607010035', '混合支付', 20.00, '郑欣怡', '失败', '2026-07-01 07:51:00', 5, '医保账户校验失败');

INSERT INTO refund_record (refund_id, fee_order_id, payment_id, refund_no, refund_type, refund_amount, reason, status, requested_at, completed_at, operator_user_id) VALUES
(1, 11, 6, 'REF202607010001', '整单退费', 25.00, '患者改约其他日期', '申请中', '2026-07-01 10:30:00', NULL, 1),
(2, 12, 7, 'REF202607010002', '整单退费', 25.00, '重复挂号申请整单退费', '申请中', '2026-07-01 10:31:00', NULL, 2),
(3, 13, 8, 'REF202607010003', '整单退费', 30.00, '病情变化暂缓就诊', '申请中', '2026-07-01 10:32:00', NULL, 3),
(4, 14, 9, 'REF202607010004', '整单退费', 25.00, '患者选择其他医院就诊', '申请中', '2026-07-01 10:33:00', NULL, 4),
(5, 15, 10, 'REF202607010005', '整单退费', 20.00, '线上订单重复支付', '申请中', '2026-07-01 10:34:00', NULL, 5),
(6, 11, 6, 'REF202607010006', '挂号退费', 25.00, '停诊退号', '已审核', '2026-07-01 10:35:00', NULL, 1),
(7, 12, 7, 'REF202607010007', '挂号退费', 25.00, '患者退号', '已审核', '2026-07-01 10:36:00', NULL, 2),
(8, 13, 8, 'REF202607010008', '挂号退费', 30.00, '专家号改期', '已审核', '2026-07-01 10:37:00', NULL, 3),
(9, 14, 9, 'REF202607010009', '挂号退费', 25.00, '预约冲突', '已审核', '2026-07-01 10:38:00', NULL, 4),
(10, 15, 10, 'REF202607010010', '挂号退费', 20.00, '儿童改约', '已审核', '2026-07-01 10:39:00', NULL, 5),
(11, 31, 21, 'REF202607010011', '处方退费', 19.80, '患者药物过敏风险，取消处方', '已完成', '2026-07-01 10:40:00', '2026-07-01 10:50:00', 1),
(12, 32, 22, 'REF202607010012', '处方退费', 45.00, '处方审核后改药', '已完成', '2026-07-01 10:41:00', '2026-07-01 10:51:00', 2),
(13, 33, 23, 'REF202607010013', '处方退费', 26.00, '患者已自备同类药物', '已完成', '2026-07-01 10:42:00', '2026-07-01 10:52:00', 3),
(14, 34, 24, 'REF202607010014', '处方退费', 12.00, '剂量调整后取消原处方', '已完成', '2026-07-01 10:43:00', '2026-07-01 10:53:00', 4),
(15, 35, 25, 'REF202607010015', '处方退费', 34.00, '医生撤销处方', '已完成', '2026-07-01 10:44:00', '2026-07-01 10:54:00', 5),
(16, 21, 11, 'REF202607010016', '检查退费', 25.00, '检验项目重复开立', '已拒绝', '2026-07-01 10:45:00', NULL, 1),
(17, 22, 12, 'REF202607010017', '检查退费', 40.00, '患者申请取消C反应蛋白', '已拒绝', '2026-07-01 10:46:00', NULL, 2),
(18, 23, 13, 'REF202607010018', '检查退费', 85.00, '采血后不能退费', '已拒绝', '2026-07-01 10:47:00', NULL, 3),
(19, 24, 14, 'REF202607010019', '检查退费', 60.00, '项目已执行，拒绝退费', '已拒绝', '2026-07-01 10:48:00', NULL, 4),
(20, 25, 15, 'REF202607010020', '检查退费', 12.00, '标本已采集，拒绝退费', '已拒绝', '2026-07-01 10:49:00', NULL, 5),
(21, 44, 28, 'REF202607010021', '整单退费', 35.00, '辅助服务费重复扣款', '已撤销', '2026-07-01 10:55:00', NULL, 1),
(22, 31, 21, 'REF202607010022', '处方退费', 19.80, '患者撤销申请', '已撤销', '2026-07-01 10:56:00', NULL, 2),
(23, 32, 22, 'REF202607010023', '处方退费', 45.00, '重新确认继续用药', '已撤销', '2026-07-01 10:57:00', NULL, 3),
(24, 23, 13, 'REF202607010024', '检查退费', 85.00, '患者撤销退费申请', '已撤销', '2026-07-01 10:58:00', NULL, 4),
(25, 12, 7, 'REF202607010025', '挂号退费', 25.00, '患者撤销退号申请', '已撤销', '2026-07-01 10:59:00', NULL, 5);

INSERT INTO exam_lab_order (order_id, order_no, visit_id, record_id, patient_id, apply_doctor_id, execute_dept_id, order_type, clinical_diagnosis, purpose, exam_site, specimen_type, remark, priority, collection_way, total_amount, fee_status, status, applied_at, executed_at, completed_at, created_at) VALUES
(1, 'ELO202607010001', 16, 16, 16, 6, 11, '检查', '慢性肾功能不全复查', '评估胸部情况', '胸部', NULL, '普通影像检查', '普通', '门诊采样', 80.00, '待支付', '待缴费', '2026-07-01 09:20:00', NULL, NULL, '2026-07-01 09:18:00'),
(2, 'ELO202607010002', 17, 17, 17, 7, 11, '检查', '贫血复查', '排除腹部急症', '腹部', NULL, '立位片', '普通', '门诊采样', 75.00, '待支付', '待缴费', '2026-07-01 09:21:00', NULL, NULL, '2026-07-01 09:19:00'),
(3, 'ELO202607010003', 18, 18, 18, 8, 12, '检查', '脂肪肝复查', '评估肝胆胰脾', '腹部', NULL, '空腹检查', '普通', '门诊采样', 120.00, '待支付', '待缴费', '2026-07-01 09:22:00', NULL, NULL, '2026-07-01 09:20:00'),
(4, 'ELO202607010004', 19, 19, 19, 9, 12, '检查', '鼻窦炎复诊', '评估甲状腺结节', '甲状腺', NULL, '浅表超声', '普通', '门诊采样', 110.00, '待支付', '待缴费', '2026-07-01 09:23:00', NULL, NULL, '2026-07-01 09:21:00'),
(5, 'ELO202607010005', 20, 20, 20, 10, 13, '检查', '糖尿病复诊', '排除颅内急症', '头颅', NULL, '头痛筛查', '普通', '门诊采样', 260.00, '待支付', '待缴费', '2026-07-01 09:24:00', NULL, NULL, '2026-07-01 09:22:00'),
(6, 'ELO202607010006', 21, 21, 21, 6, 11, '检查', '慢性胆囊炎', '评估肺部基础情况', '胸部', NULL, 'DR检查', '普通', '床旁采样', 80.00, '已支付', '待执行', '2026-07-01 09:25:00', NULL, NULL, '2026-07-01 09:23:00'),
(7, 'ELO202607010007', 22, 22, 22, 7, 12, '检查', '膝关节软组织损伤', '评估软组织情况', '膝关节', NULL, '超声评估', '普通', '床旁采样', 120.00, '已支付', '待执行', '2026-07-01 09:26:00', NULL, NULL, '2026-07-01 09:24:00'),
(8, 'ELO202607010008', 23, 23, 23, 8, 12, '检查', '甲状腺功能减退症', '评估甲状腺结构', '甲状腺', NULL, '甲状腺超声', '普通', '床旁采样', 110.00, '已支付', '待执行', '2026-07-01 09:27:00', NULL, NULL, '2026-07-01 09:25:00'),
(9, 'ELO202607010009', 24, 24, 24, 9, 14, '检查', '冠心病稳定型心绞痛', '评估心律和缺血改变', '心脏', NULL, '十二导联心电图', '普通', '床旁采样', 35.00, '已支付', '待执行', '2026-07-01 09:28:00', NULL, NULL, '2026-07-01 09:26:00'),
(10, 'ELO202607010010', 25, 25, 25, 10, 13, '检查', '过敏性结膜炎', '排除鼻窦相关改变', '头面部', NULL, 'CT检查', '普通', '床旁采样', 260.00, '已支付', '待执行', '2026-07-01 09:29:00', NULL, NULL, '2026-07-01 09:27:00'),
(11, 'ELO202607010011', 26, 26, 26, 6, 6, '检验', '支气管哮喘', '判断感染程度', NULL, '静脉血', '儿童采血', '加急', '自行留取', 25.00, '已支付', '执行中', '2026-07-01 09:30:00', '2026-07-01 09:50:00', NULL, '2026-07-01 09:28:00'),
(12, 'ELO202607010012', 27, 27, 27, 7, 8, '检验', '骨质疏松症', '评估炎症指标', NULL, '静脉血', '采血后送检', '加急', '自行留取', 40.00, '已支付', '执行中', '2026-07-01 09:31:00', '2026-07-01 09:51:00', NULL, '2026-07-01 09:29:00'),
(13, 'ELO202607010013', 28, 28, 28, 8, 7, '检验', '胃食管反流病', '评估肝功能', NULL, '静脉血', '空腹采血', '加急', '自行留取', 85.00, '已支付', '执行中', '2026-07-01 09:32:00', '2026-07-01 09:52:00', NULL, '2026-07-01 09:30:00'),
(14, 'ELO202607010014', 29, 29, 29, 9, 7, '检验', '急性膀胱炎', '评估肾功能', NULL, '尿液', '留取中段尿', '加急', '自行留取', 60.00, '已支付', '执行中', '2026-07-01 09:33:00', '2026-07-01 09:53:00', NULL, '2026-07-01 09:31:00'),
(15, 'ELO202607010015', 30, 30, 30, 10, 7, '检验', '慢性阻塞性肺疾病', '评估血糖', NULL, '静脉血', '空腹采血', '加急', '自行留取', 12.00, '已支付', '执行中', '2026-07-01 09:34:00', '2026-07-01 09:54:00', NULL, '2026-07-01 09:32:00'),
(16, 'ELO202607010016', 31, 31, 31, 6, 6, '检验', '功能性消化不良', '筛查尿液异常', NULL, '尿液', '中段尿', '加急', '门诊采样', 18.00, '已退费', '已完成', '2026-07-01 09:35:00', '2026-07-01 09:55:00', '2026-07-01 10:20:00', '2026-07-01 09:33:00'),
(17, 'ELO202607010017', 32, 32, 32, 7, 7, '检验', '高尿酸血症', '筛查早期肾损害', NULL, '尿液', '晨尿样本', '加急', '门诊采样', 45.00, '已退费', '已完成', '2026-07-01 09:36:00', '2026-07-01 09:56:00', '2026-07-01 10:21:00', '2026-07-01 09:34:00'),
(18, 'ELO202607010018', 33, 33, 33, 8, 6, '检验', '慢性支气管炎', '排除妊娠相关用药禁忌', NULL, '尿液', '随机尿', '加急', '门诊采样', 22.00, '已退费', '已完成', '2026-07-01 09:37:00', '2026-07-01 09:57:00', '2026-07-01 10:22:00', '2026-07-01 09:35:00'),
(19, 'ELO202607010019', 34, 34, 34, 9, 9, '检验', '过敏性鼻炎', '培养病原体', NULL, '粪便', '新鲜粪便', '加急', '门诊采样', 110.00, '已退费', '已完成', '2026-07-01 09:38:00', '2026-07-01 09:58:00', '2026-07-01 10:23:00', '2026-07-01 09:36:00'),
(20, 'ELO202607010020', 35, 35, 35, 10, 9, '检验', '特应性皮炎', '检查呼吸道感染病原', NULL, '痰液', '清晨深咳痰', '加急', '门诊采样', 130.00, '已退费', '已完成', '2026-07-01 09:39:00', '2026-07-01 09:59:00', '2026-07-01 10:24:00', '2026-07-01 09:37:00');

INSERT INTO exam_lab_order (order_id, order_no, visit_id, record_id, patient_id, apply_doctor_id, execute_dept_id, order_type, clinical_diagnosis, purpose, exam_site, specimen_type, remark, priority, collection_way, total_amount, fee_status, status, applied_at, executed_at, completed_at, created_at) VALUES
(21, 'ELO202607010021', 36, 36, 36, 6, 6, '检验', '慢性胃炎复诊', '筛查感染及贫血', NULL, '静脉血', '补充血样覆盖', '普通', '门诊采样', 25.00, '待支付', '待缴费', '2026-07-01 10:05:00', NULL, NULL, '2026-07-01 10:03:00'),
(22, 'ELO202607010022', 37, 37, 37, 7, 6, '检验', '偏头痛复诊', '筛查尿液异常', NULL, '尿液', '补充尿液覆盖', '普通', '门诊采样', 18.00, '待支付', '待缴费', '2026-07-01 10:06:00', NULL, NULL, '2026-07-01 10:04:00'),
(23, 'ELO202607010023', 38, 38, 38, 8, 6, '检验', '慢性鼻窦炎', '筛查消化道出血', NULL, '粪便', '新鲜粪便', '普通', '门诊采样', 18.00, '待支付', '待缴费', '2026-07-01 10:07:00', NULL, NULL, '2026-07-01 10:05:00'),
(24, 'ELO202607010024', 39, 39, 39, 9, 6, '检验', '冠心病随访', '评估肠道炎症', NULL, '粪便', '粪便常规样本', '普通', '门诊采样', 16.00, '待支付', '待缴费', '2026-07-01 10:08:00', NULL, NULL, '2026-07-01 10:06:00'),
(25, 'ELO202607010025', 40, 40, 40, 10, 9, '检验', '幼儿湿疹', '排查肠道感染', NULL, '粪便', '培养样本', '普通', '门诊采样', 110.00, '待支付', '待缴费', '2026-07-01 10:09:00', NULL, NULL, '2026-07-01 10:07:00'),
(26, 'ELO202607010026', 1, 1, 1, 6, 8, '检验', '急性上呼吸道感染', '筛查幽门螺杆菌相关消化症状', NULL, '粪便', '粪便抗原样本', '普通', '门诊采样', 95.00, '已支付', '待执行', '2026-07-01 10:10:00', NULL, NULL, '2026-07-01 10:08:00'),
(27, 'ELO202607010027', 2, 2, 2, 7, 9, '检验', '原发性高血压', '排查呼吸道感染病原', NULL, '痰液', '清晨深咳痰', '加急', '自行留取', 130.00, '已支付', '执行中', '2026-07-01 10:11:00', '2026-07-01 10:31:00', NULL, '2026-07-01 10:09:00'),
(28, 'ELO202607010028', 3, 3, 3, 8, 9, '检验', '急性支气管炎', '筛查抗酸杆菌', NULL, '痰液', '三次痰样本之一', '加急', '自行留取', 45.00, '已支付', '执行中', '2026-07-01 10:12:00', '2026-07-01 10:32:00', NULL, '2026-07-01 10:10:00'),
(29, 'ELO202607010029', 4, 4, 4, 9, 9, '检验', '2型糖尿病', '筛查真菌感染', NULL, '痰液', '痰液涂片样本', '加急', '自行留取', 42.00, '已支付', '执行中', '2026-07-01 10:13:00', '2026-07-01 10:33:00', NULL, '2026-07-01 10:11:00'),
(30, 'ELO202607010030', 5, 5, 5, 10, 9, '检验', '慢性胃炎急性发作', '检测呼吸道病原核酸', NULL, '痰液', '核酸检测样本', '加急', '自行留取', 160.00, '已支付', '执行中', '2026-07-01 10:14:00', '2026-07-01 10:34:00', NULL, '2026-07-01 10:12:00');

INSERT INTO exam_lab_order_item (order_item_id, order_id, item_id, item_name, item_type, unit_price, quantity, amount, status, executed_at, result_summary, created_at) VALUES
(1, 1, 1, '胸部正位片', '检查', 80.00, 1.00, 80.00, '待缴费', NULL, NULL, '2026-07-01 09:20:30'),
(2, 2, 2, '腹部立位片', '检查', 75.00, 1.00, 75.00, '待缴费', NULL, NULL, '2026-07-01 09:21:30'),
(3, 3, 3, '腹部彩超', '检查', 120.00, 1.00, 120.00, '待缴费', NULL, NULL, '2026-07-01 09:22:30'),
(4, 4, 4, '甲状腺彩超', '检查', 110.00, 1.00, 110.00, '待缴费', NULL, NULL, '2026-07-01 09:23:30'),
(5, 5, 5, '头颅CT平扫', '检查', 260.00, 1.00, 260.00, '待缴费', NULL, NULL, '2026-07-01 09:24:30'),
(6, 6, 1, '胸部正位片', '检查', 80.00, 1.00, 80.00, '待执行', NULL, NULL, '2026-07-01 09:25:30'),
(7, 7, 3, '腹部彩超', '检查', 120.00, 1.00, 120.00, '待执行', NULL, NULL, '2026-07-01 09:26:30'),
(8, 8, 4, '甲状腺彩超', '检查', 110.00, 1.00, 110.00, '待执行', NULL, NULL, '2026-07-01 09:27:30'),
(9, 9, 7, '十二导联心电图', '检查', 35.00, 1.00, 35.00, '待执行', NULL, NULL, '2026-07-01 09:28:30'),
(10, 10, 5, '头颅CT平扫', '检查', 260.00, 1.00, 260.00, '待执行', NULL, NULL, '2026-07-01 09:29:30'),
(11, 11, 11, '血常规', '检验', 25.00, 1.00, 25.00, '执行中', '2026-07-01 09:50:00', '标本已接收，检测中。', '2026-07-01 09:30:30'),
(12, 12, 12, 'C反应蛋白', '检验', 40.00, 1.00, 40.00, '执行中', '2026-07-01 09:51:00', '标本已接收，检测中。', '2026-07-01 09:31:30'),
(13, 13, 13, '肝功能八项', '检验', 85.00, 1.00, 85.00, '执行中', '2026-07-01 09:52:00', '标本已接收，检测中。', '2026-07-01 09:32:30'),
(14, 14, 14, '肾功能三项', '检验', 60.00, 1.00, 60.00, '执行中', '2026-07-01 09:53:00', '标本已接收，检测中。', '2026-07-01 09:33:30'),
(15, 15, 15, '空腹血糖', '检验', 12.00, 1.00, 12.00, '执行中', '2026-07-01 09:54:00', '标本已接收，检测中。', '2026-07-01 09:34:30'),
(16, 16, 16, '尿常规', '检验', 18.00, 1.00, 18.00, '已完成', '2026-07-01 09:55:00', '白细胞阴性，蛋白阴性。', '2026-07-01 09:35:30'),
(17, 17, 17, '尿微量白蛋白肌酐比', '检验', 45.00, 1.00, 45.00, '已完成', '2026-07-01 09:56:00', '尿微量白蛋白轻度升高。', '2026-07-01 09:36:30'),
(18, 18, 18, '尿妊娠试验', '检验', 22.00, 1.00, 22.00, '已完成', '2026-07-01 09:57:00', '尿HCG阴性。', '2026-07-01 09:37:30'),
(19, 19, 23, '粪便培养', '检验', 110.00, 1.00, 110.00, '已完成', '2026-07-01 09:58:00', '未见致病菌生长。', '2026-07-01 09:38:30'),
(20, 20, 26, '痰培养加药敏', '检验', 130.00, 1.00, 130.00, '已完成', '2026-07-01 09:59:00', '培养见肺炎链球菌。', '2026-07-01 09:39:30');

INSERT INTO exam_lab_order_item (order_item_id, order_id, item_id, item_name, item_type, unit_price, quantity, amount, status, executed_at, result_summary, created_at) VALUES
(21, 21, 11, '血常规', '检验', 25.00, 1.00, 25.00, '待缴费', NULL, NULL, '2026-07-01 10:05:30'),
(22, 22, 16, '尿常规', '检验', 18.00, 1.00, 18.00, '待缴费', NULL, NULL, '2026-07-01 10:06:30'),
(23, 23, 21, '粪便隐血试验', '检验', 18.00, 1.00, 18.00, '待缴费', NULL, NULL, '2026-07-01 10:07:30'),
(24, 24, 22, '粪便常规', '检验', 16.00, 1.00, 16.00, '待缴费', NULL, NULL, '2026-07-01 10:08:30'),
(25, 25, 23, '粪便培养', '检验', 110.00, 1.00, 110.00, '待缴费', NULL, NULL, '2026-07-01 10:09:30'),
(26, 26, 24, '幽门螺杆菌粪便抗原', '检验', 95.00, 1.00, 95.00, '待执行', NULL, NULL, '2026-07-01 10:10:30'),
(27, 27, 26, '痰培养加药敏', '检验', 130.00, 1.00, 130.00, '执行中', '2026-07-01 10:31:00', '标本已接收，培养中。', '2026-07-01 10:11:30'),
(28, 28, 27, '痰抗酸杆菌涂片', '检验', 45.00, 1.00, 45.00, '执行中', '2026-07-01 10:32:00', '标本已接收，涂片中。', '2026-07-01 10:12:30'),
(29, 29, 28, '痰真菌涂片', '检验', 42.00, 1.00, 42.00, '执行中', '2026-07-01 10:33:00', '标本已接收，涂片中。', '2026-07-01 10:13:30'),
(30, 30, 30, '呼吸道病原核酸检测', '检验', 160.00, 1.00, 160.00, '执行中', '2026-07-01 10:34:00', '标本已接收，核酸检测中。', '2026-07-01 10:14:30');

INSERT INTO exam_lab_report (report_id, order_id, order_item_id, patient_id, report_doctor_id, report_no, report_type, findings, conclusion, ai_draft, doctor_review, status, published_at, created_at) VALUES
(1, 1, 1, 16, 11, 'REP202607010001', '检查', '双肺纹理增多，未见明确实变影。', '支气管炎改变可能。', 'AI提示肺纹理稍增多。', NULL, '草稿', NULL, '2026-07-01 10:00:00'),
(2, 2, 2, 17, 12, 'REP202607010002', '检查', '膈下未见游离气体，肠腔少量积气。', '未见明显急腹症征象。', 'AI提示腹部平片未见急性异常。', NULL, '草稿', NULL, '2026-07-01 10:01:00'),
(3, 3, 3, 18, 13, 'REP202607010003', '检查', '肝脏回声增强，血管纹理欠清。', '脂肪肝声像图改变。', 'AI提示脂肪肝可能。', NULL, '草稿', NULL, '2026-07-01 10:02:00'),
(4, 4, 4, 19, 14, 'REP202607010004', '检查', '甲状腺双叶多发低回声结节。', '甲状腺结节，建议随访。', 'AI提示TI-RADS 3类可能。', NULL, '草稿', NULL, '2026-07-01 10:03:00'),
(5, 5, 5, 20, 15, 'REP202607010005', '检查', '脑实质未见明显异常密度影。', '头颅CT平扫未见急性异常。', 'AI提示未见出血。', NULL, '草稿', NULL, '2026-07-01 10:04:00'),
(6, 6, 6, 21, 11, 'REP202607010006', '检查', '心影大小正常，双肺未见实变。', '胸片未见明显异常。', 'AI提示胸片基本正常。', '同意发布。', '已发布', '2026-07-01 10:25:00', '2026-07-01 10:05:00'),
(7, 7, 7, 22, 12, 'REP202607010007', '检查', '腹部脏器形态大小未见明显异常。', '腹部彩超未见明显异常。', 'AI提示腹部超声基本正常。', '同意发布。', '已发布', '2026-07-01 10:26:00', '2026-07-01 10:06:00'),
(8, 8, 8, 23, 13, 'REP202607010008', '检查', '甲状腺回声欠均匀，结节边界清。', '甲状腺结节随访。', 'AI提示良性倾向。', '同意发布。', '已发布', '2026-07-01 10:27:00', '2026-07-01 10:07:00'),
(9, 9, 9, 24, 14, 'REP202607010009', '检查', '窦性心律，ST-T轻度改变。', '非特异性ST-T改变。', 'AI提示需结合症状。', '同意发布。', '已发布', '2026-07-01 10:28:00', '2026-07-01 10:08:00'),
(10, 10, 10, 25, 15, 'REP202607010010', '检查', '头颅CT未见异常密度影。', '未见急性颅内病变。', 'AI提示头颅CT基本正常。', '同意发布。', '已发布', '2026-07-01 10:29:00', '2026-07-01 10:09:00'),
(11, 11, 11, 26, 16, 'REP202607010011', '检验', '白细胞轻度升高，中性粒比例升高。', '提示感染可能。', 'AI提示急性炎症反应。', '已回阅并提醒门诊医生。', '已回阅', '2026-07-01 10:30:00', '2026-07-01 10:10:00'),
(12, 12, 12, 27, 17, 'REP202607010012', '检验', 'C反应蛋白升高。', '急性炎症可能。', 'AI提示需结合症状。', '已回阅。', '已回阅', '2026-07-01 10:31:00', '2026-07-01 10:11:00'),
(13, 13, 13, 28, 18, 'REP202607010013', '检验', 'ALT轻度升高，AST正常。', '肝功能轻度异常。', 'AI提示脂肪肝相关可能。', '已回阅。', '已回阅', '2026-07-01 10:32:00', '2026-07-01 10:12:00'),
(14, 14, 14, 29, 19, 'REP202607010014', '检验', '肌酐正常，尿酸升高。', '高尿酸血症。', 'AI提示饮食和肾功能随访。', '已回阅。', '已回阅', '2026-07-01 10:33:00', '2026-07-01 10:13:00'),
(15, 15, 15, 30, 20, 'REP202607010015', '检验', '空腹血糖升高。', '糖代谢异常。', 'AI提示需复查糖化血红蛋白。', '已回阅。', '已回阅', '2026-07-01 10:34:00', '2026-07-01 10:14:00'),
(16, 16, 16, 31, 16, 'REP202607010016', '检验', '尿蛋白阳性。', '建议结合肾功能随访。', 'AI提示尿蛋白异常。', '已回阅。', '已回阅', '2026-07-01 10:35:00', '2026-07-01 10:15:00'),
(17, 17, 17, 32, 17, 'REP202607010017', '检验', '尿白蛋白肌酐比升高。', '早期肾损害风险。', 'AI提示需复查尿微量白蛋白。', '已回阅。', '已回阅', '2026-07-01 10:36:00', '2026-07-01 10:16:00'),
(18, 18, 18, 33, 18, 'REP202607010018', '检验', '尿HCG阴性。', '未见妊娠证据。', 'AI提示结果阴性。', '已回阅。', '已回阅', '2026-07-01 10:37:00', '2026-07-01 10:17:00'),
(19, 19, 19, 34, 19, 'REP202607010019', '检验', '粪便培养未见致病菌生长。', '暂未支持细菌性肠炎。', 'AI提示培养阴性。', '已回阅。', '已回阅', '2026-07-01 10:38:00', '2026-07-01 10:18:00'),
(20, 20, 20, 35, 20, 'REP202607010020', '检验', '痰培养见肺炎链球菌。', '支持细菌性下呼吸道感染。', 'AI提示结合药敏调整用药。', '已回阅。', '已回阅', '2026-07-01 10:39:00', '2026-07-01 10:19:00');

INSERT INTO exam_result_feature (feature_id, report_id, order_item_id, feature_name, feature_value, unit, abnormal_flag, sort_order, created_at) VALUES
(1, 1, 1, '肺纹理', '稍增多', NULL, 'NORMAL', 1, '2026-07-01 10:00:30'),
(2, 2, 2, '膈下游离气体', '未见', NULL, 'NORMAL', 1, '2026-07-01 10:01:30'),
(3, 3, 3, '肝脏回声', '增强', NULL, 'NORMAL', 1, '2026-07-01 10:02:30'),
(4, 4, 4, '结节边界', '清晰', NULL, 'NORMAL', 1, '2026-07-01 10:03:30'),
(5, 5, 5, '急性出血征象', '未见', NULL, 'NORMAL', 1, '2026-07-01 10:04:30'),
(6, 6, 6, '心影大小', '正常', NULL, 'ABNORMAL', 1, '2026-07-01 10:05:30'),
(7, 7, 7, '胆囊壁', '轻度毛糙', NULL, 'ABNORMAL', 1, '2026-07-01 10:06:30'),
(8, 8, 8, '甲状腺回声', '欠均匀', NULL, 'ABNORMAL', 1, '2026-07-01 10:07:30'),
(9, 9, 9, 'ST-T改变', '轻度异常', NULL, 'ABNORMAL', 1, '2026-07-01 10:08:30'),
(10, 10, 10, '脑室系统', '轻度扩大', NULL, 'ABNORMAL', 1, '2026-07-01 10:09:30');

INSERT INTO lab_result_item (result_item_id, report_id, order_item_id, item_code, indicator_code, indicator_name, result_value, unit, reference_range, abnormal_flag, sort_order, created_at) VALUES
(1, 11, 11, 'LAB-CBC', 'WBC', '白细胞计数', '6.2', '10^9/L', '3.5-9.5', 'NORMAL', 1, '2026-07-01 10:10:30'),
(2, 11, 11, 'LAB-CBC', 'NEUT', '中性粒细胞比例', '58', '%', '40-75', 'NORMAL', 2, '2026-07-01 10:10:35'),
(3, 12, 12, 'LAB-CRP', 'CRP', 'C反应蛋白', '4.0', 'mg/L', '0-8', 'NORMAL', 1, '2026-07-01 10:11:30'),
(4, 13, 13, 'LAB-LFT', 'ALT', '丙氨酸氨基转移酶', '32', 'U/L', '7-40', 'NORMAL', 1, '2026-07-01 10:12:30'),
(5, 14, 14, 'LAB-RFT', 'CREA', '肌酐', '76', 'umol/L', '57-97', 'NORMAL', 1, '2026-07-01 10:13:30'),
(6, 15, 15, 'LAB-GLU', 'GLU', '空腹血糖', '8.1', 'mmol/L', '3.9-6.1', 'HIGH', 1, '2026-07-01 10:14:30'),
(7, 16, 16, 'LAB-UA', 'PRO', '尿蛋白', '1+', NULL, '阴性', 'HIGH', 1, '2026-07-01 10:20:30'),
(8, 17, 17, 'LAB-UACR', 'UACR', '尿白蛋白肌酐比', '45', 'mg/g', '<30', 'HIGH', 1, '2026-07-01 10:21:30'),
(9, 18, 18, 'LAB-UPT', 'HCG', '尿HCG', '阴性', NULL, '阴性', 'HIGH', 1, '2026-07-01 10:22:30'),
(10, 20, 20, 'LAB-SPUT-CUL', 'BACT', '培养菌落', '肺炎链球菌', NULL, '未检出', 'HIGH', 1, '2026-07-01 10:24:30');

INSERT INTO prescription (prescription_id, prescription_no, visit_id, record_id, patient_id, doctor_id, total_amount, fee_status, audit_status, status, diagnosis, usage_note, audit_doctor_id, audit_note, audited_at, created_at) VALUES
(1, 'RX202607010001', 1, 1, 1, 6, 37.00, '待支付', '待审核', '待缴费', '急性上呼吸道感染', '按医嘱服药，过敏不适及时停药。', 21, '待药师审核。', NULL, '2026-07-01 09:40:00'),
(2, 'RX202607010002', 2, 2, 2, 7, 32.00, '待支付', '待审核', '待缴费', '原发性高血压', '晨起服用，监测血压。', 22, '待药师审核。', NULL, '2026-07-01 09:41:00'),
(3, 'RX202607010003', 3, 3, 3, 8, 28.00, '待支付', '待审核', '待缴费', '急性支气管炎', '儿童用药需家属确认剂量。', 23, '待药师审核。', NULL, '2026-07-01 09:42:00'),
(4, 'RX202607010004', 4, 4, 4, 9, 22.50, '待支付', '待审核', '待缴费', '2型糖尿病', '餐后服药。', 24, '待药师审核。', NULL, '2026-07-01 09:43:00'),
(5, 'RX202607010005', 5, 5, 5, 10, 8.00, '待支付', '待审核', '待缴费', '慢性胃炎急性发作', '避免辛辣刺激。', 25, '待药师审核。', NULL, '2026-07-01 09:44:00'),
(6, 'RX202607010006', 6, 6, 6, 6, 19.80, '已支付', '审核通过', '待发药', '支气管哮喘急性加重', '睡前服用，避免驾驶。', 21, '审核通过。', '2026-07-01 09:55:00', '2026-07-01 09:45:00'),
(7, 'RX202607010007', 7, 7, 7, 7, 45.00, '已支付', '审核通过', '待发药', '胸痛待查', '按说明服用。', 22, '审核通过。', '2026-07-01 09:56:00', '2026-07-01 09:46:00'),
(8, 'RX202607010008', 8, 8, 8, 8, 26.00, '已支付', '审核通过', '待发药', '慢阻肺急性加重', '早餐前服用。', 23, '审核通过。', '2026-07-01 09:57:00', '2026-07-01 09:47:00'),
(9, 'RX202607010009', 9, 9, 9, 9, 12.00, '已支付', '审核通过', '待发药', '头痛待查', '餐后服用。', 24, '审核通过。', '2026-07-01 09:58:00', '2026-07-01 09:48:00'),
(10, 'RX202607010010', 10, 10, 10, 10, 34.00, '已支付', '审核通过', '待发药', '急性荨麻疹伴喘息', '每日一次。', 25, '审核通过。', '2026-07-01 09:59:00', '2026-07-01 09:49:00'),
(11, 'RX202607010011', 11, 11, 11, 6, 42.00, '已支付', '审核通过', '发药中', '甲状腺结节', '睡前服用。', 21, '审核通过。', '2026-07-01 10:00:00', '2026-07-01 09:50:00'),
(12, 'RX202607010012', 12, 12, 12, 7, 16.00, '已支付', '审核通过', '发药中', '慢性咽炎', '餐后服用。', 22, '审核通过。', '2026-07-01 10:01:00', '2026-07-01 09:51:00'),
(13, 'RX202607010013', 13, 13, 13, 8, 15.00, '已支付', '审核通过', '发药中', '右上腹痛待查', '每日一次。', 23, '审核通过。', '2026-07-01 10:02:00', '2026-07-01 09:52:00'),
(14, 'RX202607010014', 14, 14, 14, 9, 29.00, '已支付', '审核通过', '发药中', '原发性高血压', '清晨空腹服用。', 24, '审核通过。', '2026-07-01 10:03:00', '2026-07-01 09:53:00'),
(15, 'RX202607010015', 15, 15, 15, 10, 9.50, '已支付', '审核通过', '发药中', '过敏性鼻炎', '按说明冲服。', 25, '审核通过。', '2026-07-01 10:04:00', '2026-07-01 09:54:00'),
(16, 'RX202607010016', 16, 16, 16, 6, 18.50, '已支付', '审核通过', '已发药', '慢性肾功能不全', '餐后服用。', 21, '审核通过。', '2026-07-01 10:05:00', '2026-07-01 09:55:00'),
(17, 'RX202607010017', 17, 17, 17, 7, 32.00, '已支付', '审核通过', '已发药', '缺铁性贫血', '餐后服用。', 22, '审核通过。', '2026-07-01 10:06:00', '2026-07-01 09:56:00'),
(18, 'RX202607010018', 18, 18, 18, 8, 28.00, '已支付', '审核通过', '已发药', '脂肪肝', '每日一次。', 23, '审核通过。', '2026-07-01 10:07:00', '2026-07-01 09:57:00'),
(19, 'RX202607010019', 19, 19, 19, 9, 22.50, '已支付', '审核通过', '已发药', '慢性鼻窦炎急性发作', '发热疼痛时服用。', 24, '审核通过。', '2026-07-01 10:08:00', '2026-07-01 09:58:00'),
(20, 'RX202607010020', 20, 20, 20, 10, 8.00, '已支付', '审核通过', '已发药', '2型糖尿病周围神经病变', '发热时服用。', 25, '审核通过。', '2026-07-01 10:09:00', '2026-07-01 09:59:00'),
(21, 'RX202607010021', 21, 21, 21, 6, 19.80, '已支付', '审核通过', '已完成', '慢性胆囊炎', '每日一次。', 21, '审核通过。', '2026-07-01 10:10:00', '2026-07-01 10:00:00'),
(22, 'RX202607010022', 22, 22, 22, 7, 45.00, '已支付', '审核通过', '已完成', '膝关节软组织损伤', '睡前服用。', 22, '审核通过。', '2026-07-01 10:11:00', '2026-07-01 10:01:00'),
(23, 'RX202607010023', 23, 23, 23, 8, 26.00, '已支付', '审核通过', '已完成', '甲状腺功能减退症', '早餐前服用。', 23, '审核通过。', '2026-07-01 10:12:00', '2026-07-01 10:02:00'),
(24, 'RX202607010024', 24, 24, 24, 9, 12.00, '已支付', '审核通过', '已完成', '冠心病稳定型心绞痛', '餐后服用。', 24, '审核通过。', '2026-07-01 10:13:00', '2026-07-01 10:03:00'),
(25, 'RX202607010025', 25, 25, 25, 10, 34.00, '已支付', '审核通过', '已完成', '过敏性结膜炎', '每日一次。', 25, '审核通过。', '2026-07-01 10:14:00', '2026-07-01 10:04:00'),
(26, 'RX202607010026', 26, 26, 26, 6, 42.00, '已退费', '审核驳回', '已退药', '支气管哮喘', '退药后停用。', 21, '患者过敏风险，驳回原处方。', '2026-07-01 10:15:00', '2026-07-01 10:05:00'),
(27, 'RX202607010027', 27, 27, 27, 7, 16.00, '已退费', '审核驳回', '已退药', '骨质疏松症', '退药后停用。', 22, '药物重复，驳回。', '2026-07-01 10:16:00', '2026-07-01 10:06:00'),
(28, 'RX202607010028', 28, 28, 28, 8, 15.00, '已退费', '审核驳回', '已退药', '胃食管反流病', '退药后停用。', 23, '剂量不合适，驳回。', '2026-07-01 10:17:00', '2026-07-01 10:07:00'),
(29, 'RX202607010029', 29, 29, 29, 9, 29.00, '已退费', '审核驳回', '已退药', '急性膀胱炎', '退药后停用。', 24, '禁忌症提示，驳回。', '2026-07-01 10:18:00', '2026-07-01 10:08:00'),
(30, 'RX202607010030', 30, 30, 30, 10, 9.50, '已退费', '审核驳回', '已退药', '慢性阻塞性肺疾病', '退药后停用。', 25, '患者要求退药，审核驳回原处方。', '2026-07-01 10:19:00', '2026-07-01 10:09:00'),
(31, 'RX202607010031', 31, 31, 31, 6, 18.50, '待支付', '待审核', '已取消', '功能性消化不良', '处方取消。', 21, '患者取消。', NULL, '2026-07-01 10:10:00'),
(32, 'RX202607010032', 32, 32, 32, 7, 32.00, '待支付', '待审核', '已取消', '高尿酸血症', '处方取消。', 22, '医生撤销。', NULL, '2026-07-01 10:11:00'),
(33, 'RX202607010033', 33, 33, 33, 8, 28.00, '待支付', '待审核', '已取消', '慢性支气管炎', '处方取消。', 23, '重复处方。', NULL, '2026-07-01 10:12:00'),
(34, 'RX202607010034', 34, 34, 34, 9, 22.50, '待支付', '待审核', '已取消', '过敏性鼻炎', '处方取消。', 24, '患者暂不取药。', NULL, '2026-07-01 10:13:00'),
(35, 'RX202607010035', 35, 35, 35, 10, 8.00, '待支付', '待审核', '已取消', '特应性皮炎', '处方取消。', 25, '家属要求取消。', NULL, '2026-07-01 10:14:00');

INSERT INTO prescription_item (prescription_item_id, prescription_id, drug_id, drug_name, specification, unit_price, quantity, amount, dosage, frequency, usage_method, days, status, created_at) VALUES
(1, 1, 1, '阿莫西林胶囊', '0.25g*24粒', 18.50, 2.00, 37.00, '0.5g', '每日三次', '口服', 5, '待发药', '2026-07-01 09:40:30'),
(2, 2, 2, '头孢呋辛酯片', '0.25g*12片', 32.00, 1.00, 32.00, '0.25g', '每日两次', '口服', 5, '待发药', '2026-07-01 09:41:30'),
(3, 3, 3, '阿奇霉素分散片', '0.25g*6片', 28.00, 1.00, 28.00, '0.25g', '每日一次', '口服', 3, '待发药', '2026-07-01 09:42:30'),
(4, 4, 4, '布洛芬缓释胶囊', '0.3g*20粒', 22.50, 1.00, 22.50, '0.3g', '每日两次', '口服', 3, '待发药', '2026-07-01 09:43:30'),
(5, 5, 5, '对乙酰氨基酚片', '0.5g*12片', 8.00, 1.00, 8.00, '0.5g', '必要时', '口服', 3, '待发药', '2026-07-01 09:44:30'),
(6, 6, 6, '氯雷他定片', '10mg*6片', 19.80, 1.00, 19.80, '10mg', '每日一次', '口服', 6, '已发药', '2026-07-01 09:45:30'),
(7, 7, 7, '孟鲁司特钠片', '10mg*5片', 45.00, 1.00, 45.00, '10mg', '每晚一次', '口服', 5, '已发药', '2026-07-01 09:46:30'),
(8, 8, 8, '奥美拉唑肠溶胶囊', '20mg*14粒', 26.00, 1.00, 26.00, '20mg', '每日一次', '口服', 14, '已发药', '2026-07-01 09:47:30'),
(9, 9, 9, '盐酸二甲双胍片', '0.5g*20片', 12.00, 1.00, 12.00, '0.5g', '每日两次', '口服', 10, '已发药', '2026-07-01 09:48:30'),
(10, 10, 10, '苯磺酸氨氯地平片', '5mg*14片', 34.00, 1.00, 34.00, '5mg', '每日一次', '口服', 14, '已发药', '2026-07-01 09:49:30'),
(11, 11, 11, '阿托伐他汀钙片', '20mg*7片', 42.00, 1.00, 42.00, '20mg', '每晚一次', '口服', 7, '已发药', '2026-07-01 09:50:30'),
(12, 12, 12, '阿司匹林肠溶片', '100mg*30片', 16.00, 1.00, 16.00, '100mg', '每日一次', '口服', 30, '已发药', '2026-07-01 09:51:30'),
(13, 13, 13, '盐酸西替利嗪片', '10mg*12片', 15.00, 1.00, 15.00, '10mg', '每日一次', '口服', 12, '已发药', '2026-07-01 09:52:30'),
(14, 14, 14, '左甲状腺素钠片', '50ug*100片', 29.00, 1.00, 29.00, '50ug', '每日一次', '口服', 30, '已发药', '2026-07-01 09:53:30'),
(15, 15, 15, '口服补液盐散', '5.125g*6袋', 9.50, 1.00, 9.50, '1袋', '按需', '冲服', 3, '已发药', '2026-07-01 09:54:30'),
(16, 16, 1, '阿莫西林胶囊', '0.25g*24粒', 18.50, 1.00, 18.50, '0.5g', '每日三次', '口服', 5, '已发药', '2026-07-01 09:55:30'),
(17, 17, 2, '头孢呋辛酯片', '0.25g*12片', 32.00, 1.00, 32.00, '0.25g', '每日两次', '口服', 5, '已发药', '2026-07-01 09:56:30'),
(18, 18, 3, '阿奇霉素分散片', '0.25g*6片', 28.00, 1.00, 28.00, '0.25g', '每日一次', '口服', 3, '已发药', '2026-07-01 09:57:30'),
(19, 19, 4, '布洛芬缓释胶囊', '0.3g*20粒', 22.50, 1.00, 22.50, '0.3g', '每日两次', '口服', 3, '已发药', '2026-07-01 09:58:30'),
(20, 20, 5, '对乙酰氨基酚片', '0.5g*12片', 8.00, 1.00, 8.00, '0.5g', '必要时', '口服', 3, '已发药', '2026-07-01 09:59:30'),
(21, 21, 6, '氯雷他定片', '10mg*6片', 19.80, 1.00, 19.80, '10mg', '每日一次', '口服', 6, '已发药', '2026-07-01 10:00:30'),
(22, 22, 7, '孟鲁司特钠片', '10mg*5片', 45.00, 1.00, 45.00, '10mg', '每晚一次', '口服', 5, '已发药', '2026-07-01 10:01:30'),
(23, 23, 8, '奥美拉唑肠溶胶囊', '20mg*14粒', 26.00, 1.00, 26.00, '20mg', '每日一次', '口服', 14, '已发药', '2026-07-01 10:02:30'),
(24, 24, 9, '盐酸二甲双胍片', '0.5g*20片', 12.00, 1.00, 12.00, '0.5g', '每日两次', '口服', 10, '已发药', '2026-07-01 10:03:30'),
(25, 25, 10, '苯磺酸氨氯地平片', '5mg*14片', 34.00, 1.00, 34.00, '5mg', '每日一次', '口服', 14, '已发药', '2026-07-01 10:04:30'),
(26, 26, 11, '阿托伐他汀钙片', '20mg*7片', 42.00, 1.00, 42.00, '20mg', '每晚一次', '口服', 7, '已退药', '2026-07-01 10:05:30'),
(27, 27, 12, '阿司匹林肠溶片', '100mg*30片', 16.00, 1.00, 16.00, '100mg', '每日一次', '口服', 30, '已退药', '2026-07-01 10:06:30'),
(28, 28, 13, '盐酸西替利嗪片', '10mg*12片', 15.00, 1.00, 15.00, '10mg', '每日一次', '口服', 12, '已退药', '2026-07-01 10:07:30'),
(29, 29, 14, '左甲状腺素钠片', '50ug*100片', 29.00, 1.00, 29.00, '50ug', '每日一次', '口服', 30, '已退药', '2026-07-01 10:08:30'),
(30, 30, 15, '口服补液盐散', '5.125g*6袋', 9.50, 1.00, 9.50, '1袋', '按需', '冲服', 3, '已退药', '2026-07-01 10:09:30'),
(31, 31, 1, '阿莫西林胶囊', '0.25g*24粒', 18.50, 1.00, 18.50, '0.5g', '每日三次', '口服', 5, '已取消', '2026-07-01 10:10:30'),
(32, 32, 2, '头孢呋辛酯片', '0.25g*12片', 32.00, 1.00, 32.00, '0.25g', '每日两次', '口服', 5, '已取消', '2026-07-01 10:11:30'),
(33, 33, 3, '阿奇霉素分散片', '0.25g*6片', 28.00, 1.00, 28.00, '0.25g', '每日一次', '口服', 3, '已取消', '2026-07-01 10:12:30'),
(34, 34, 4, '布洛芬缓释胶囊', '0.3g*20粒', 22.50, 1.00, 22.50, '0.3g', '每日两次', '口服', 3, '已取消', '2026-07-01 10:13:30'),
(35, 35, 5, '对乙酰氨基酚片', '0.5g*12片', 8.00, 1.00, 8.00, '0.5g', '必要时', '口服', 3, '已取消', '2026-07-01 10:14:30');

INSERT INTO pharmacy_dispense (dispense_id, prescription_id, patient_id, pharmacy_doctor_id, dispense_no, total_amount, status, audit_note, dispensed_at, created_at) VALUES
(1, 6, 6, 21, 'DIS202607010001', 19.80, '待发药', '待药房窗口发药。', NULL, '2026-07-01 10:05:00'),
(2, 7, 7, 22, 'DIS202607010002', 45.00, '待发药', '待药房窗口发药。', NULL, '2026-07-01 10:06:00'),
(3, 8, 8, 23, 'DIS202607010003', 26.00, '待发药', '待药房窗口发药。', NULL, '2026-07-01 10:07:00'),
(4, 9, 9, 24, 'DIS202607010004', 12.00, '待发药', '待药房窗口发药。', NULL, '2026-07-01 10:08:00'),
(5, 10, 10, 25, 'DIS202607010005', 34.00, '待发药', '待药房窗口发药。', NULL, '2026-07-01 10:09:00'),
(6, 11, 11, 21, 'DIS202607010006', 42.00, '发药中', '药师正在复核。', NULL, '2026-07-01 10:10:00'),
(7, 12, 12, 22, 'DIS202607010007', 16.00, '发药中', '药师正在复核。', NULL, '2026-07-01 10:11:00'),
(8, 13, 13, 23, 'DIS202607010008', 15.00, '发药中', '药师正在复核。', NULL, '2026-07-01 10:12:00'),
(9, 14, 14, 24, 'DIS202607010009', 29.00, '发药中', '药师正在复核。', NULL, '2026-07-01 10:13:00'),
(10, 15, 15, 25, 'DIS202607010010', 9.50, '发药中', '药师正在复核。', NULL, '2026-07-01 10:14:00'),
(11, 16, 16, 21, 'DIS202607010011', 18.50, '已发药', '发药完成。', '2026-07-01 10:35:00', '2026-07-01 10:15:00'),
(12, 17, 17, 22, 'DIS202607010012', 32.00, '已发药', '发药完成。', '2026-07-01 10:36:00', '2026-07-01 10:16:00'),
(13, 18, 18, 23, 'DIS202607010013', 28.00, '已发药', '发药完成。', '2026-07-01 10:37:00', '2026-07-01 10:17:00'),
(14, 19, 19, 24, 'DIS202607010014', 22.50, '已发药', '发药完成。', '2026-07-01 10:38:00', '2026-07-01 10:18:00'),
(15, 20, 20, 25, 'DIS202607010015', 8.00, '已发药', '发药完成。', '2026-07-01 10:39:00', '2026-07-01 10:19:00'),
(16, 26, 26, 21, 'DIS202607010016', 42.00, '已退药', '退药完成。', '2026-07-01 10:40:00', '2026-07-01 10:20:00'),
(17, 27, 27, 22, 'DIS202607010017', 16.00, '已退药', '退药完成。', '2026-07-01 10:41:00', '2026-07-01 10:21:00'),
(18, 28, 28, 23, 'DIS202607010018', 15.00, '已退药', '退药完成。', '2026-07-01 10:42:00', '2026-07-01 10:22:00'),
(19, 29, 29, 24, 'DIS202607010019', 29.00, '已退药', '退药完成。', '2026-07-01 10:43:00', '2026-07-01 10:23:00'),
(20, 30, 30, 25, 'DIS202607010020', 9.50, '已退药', '退药完成。', '2026-07-01 10:44:00', '2026-07-01 10:24:00'),
(21, 31, 31, 21, 'DIS202607010021', 18.50, '已撤销', '处方撤销，未发药。', NULL, '2026-07-01 10:25:00'),
(22, 32, 32, 22, 'DIS202607010022', 32.00, '已撤销', '处方撤销，未发药。', NULL, '2026-07-01 10:26:00'),
(23, 33, 33, 23, 'DIS202607010023', 28.00, '已撤销', '处方撤销，未发药。', NULL, '2026-07-01 10:27:00'),
(24, 34, 34, 24, 'DIS202607010024', 22.50, '已撤销', '处方撤销，未发药。', NULL, '2026-07-01 10:28:00'),
(25, 35, 35, 25, 'DIS202607010025', 8.00, '已撤销', '处方撤销，未发药。', NULL, '2026-07-01 10:29:00');

INSERT INTO pharmacy_return (return_id, dispense_id, prescription_id, drug_id, return_no, return_quantity, return_amount, reason, status, operator_user_id, returned_at, created_at) VALUES
(1, 16, 26, 11, 'RET202607010001', 1.00, 42.00, '患者肌痛风险，申请退药。', '申请中', 26, NULL, '2026-07-01 11:00:00'),
(2, 17, 27, 12, 'RET202607010002', 1.00, 16.00, '患者胃痛，申请退药。', '申请中', 27, NULL, '2026-07-01 11:01:00'),
(3, 18, 28, 13, 'RET202607010003', 1.00, 15.00, '药物重复，申请退药。', '申请中', 28, NULL, '2026-07-01 11:02:00'),
(4, 19, 29, 14, 'RET202607010004', 1.00, 29.00, '剂量调整，申请退药。', '申请中', 29, NULL, '2026-07-01 11:03:00'),
(5, 20, 30, 15, 'RET202607010005', 1.00, 9.50, '重复购药，申请退药。', '申请中', 30, NULL, '2026-07-01 11:04:00'),
(6, 16, 26, 11, 'RET202607010006', 1.00, 42.00, '药品未拆封，药师审核通过。', '已审核', 26, NULL, '2026-07-01 11:05:00'),
(7, 17, 27, 12, 'RET202607010007', 1.00, 16.00, '禁忌风险，药师审核通过。', '已审核', 27, NULL, '2026-07-01 11:06:00'),
(8, 18, 28, 13, 'RET202607010008', 1.00, 15.00, '处方调整，审核通过。', '已审核', 28, NULL, '2026-07-01 11:07:00'),
(9, 19, 29, 14, 'RET202607010009', 1.00, 29.00, '剂量调整，审核通过。', '已审核', 29, NULL, '2026-07-01 11:08:00'),
(10, 20, 30, 15, 'RET202607010010', 1.00, 9.50, '医生撤药，审核通过。', '已审核', 30, NULL, '2026-07-01 11:09:00'),
(11, 16, 26, 11, 'RET202607010011', 1.00, 42.00, '退药入库完成。', '已退药', 26, '2026-07-01 11:20:00', '2026-07-01 11:10:00'),
(12, 17, 27, 12, 'RET202607010012', 1.00, 16.00, '退药入库完成。', '已退药', 27, '2026-07-01 11:21:00', '2026-07-01 11:11:00'),
(13, 18, 28, 13, 'RET202607010013', 1.00, 15.00, '退药入库完成。', '已退药', 28, '2026-07-01 11:22:00', '2026-07-01 11:12:00'),
(14, 19, 29, 14, 'RET202607010014', 1.00, 29.00, '退药入库完成。', '已退药', 29, '2026-07-01 11:23:00', '2026-07-01 11:13:00'),
(15, 20, 30, 15, 'RET202607010015', 1.00, 9.50, '退药入库完成。', '已退药', 30, '2026-07-01 11:24:00', '2026-07-01 11:14:00'),
(16, 16, 26, 11, 'RET202607010016', 1.00, 42.00, '药品外包装破损，不符合退药条件。', '已拒绝', 26, NULL, '2026-07-01 11:15:00'),
(17, 17, 27, 12, 'RET202607010017', 1.00, 16.00, '药品已拆封，拒绝退药。', '已拒绝', 27, NULL, '2026-07-01 11:16:00'),
(18, 18, 28, 13, 'RET202607010018', 1.00, 15.00, '超过退药时限，拒绝。', '已拒绝', 28, NULL, '2026-07-01 11:17:00'),
(19, 19, 29, 14, 'RET202607010019', 1.00, 29.00, '患者已使用部分药品，拒绝。', '已拒绝', 29, NULL, '2026-07-01 11:18:00'),
(20, 20, 30, 15, 'RET202607010020', 1.00, 9.50, '批号无法核对，拒绝退药。', '已拒绝', 30, NULL, '2026-07-01 11:19:00'),
(21, 16, 26, 11, 'RET202607010021', 1.00, 42.00, '患者撤销退药申请。', '已撤销', 26, NULL, '2026-07-01 11:20:00'),
(22, 17, 27, 12, 'RET202607010022', 1.00, 16.00, '医生重新确认继续用药。', '已撤销', 27, NULL, '2026-07-01 11:21:00'),
(23, 18, 28, 13, 'RET202607010023', 1.00, 15.00, '患者要求保留药品。', '已撤销', 28, NULL, '2026-07-01 11:22:00'),
(24, 19, 29, 14, 'RET202607010024', 1.00, 29.00, '重新评估后无需退药。', '已撤销', 29, NULL, '2026-07-01 11:23:00'),
(25, 20, 30, 15, 'RET202607010025', 1.00, 9.50, '家属撤销申请。', '已撤销', 30, NULL, '2026-07-01 11:24:00');

INSERT INTO drug_stock_record (stock_record_id, drug_id, business_type, business_id, change_quantity, before_quantity, after_quantity, operator_user_id, remark, created_at) VALUES
(1, 1, '采购入库', NULL, 200.00, 300.00, 500.00, 26, '月初常用抗菌药补库', '2026-07-01 07:00:00'),
(2, 2, '采购入库', NULL, 160.00, 200.00, 360.00, 27, '头孢类药品补库', '2026-07-01 07:01:00'),
(3, 3, '采购入库', NULL, 120.00, 160.00, 280.00, 28, '呼吸科常用药补库', '2026-07-01 07:02:00'),
(4, 4, '采购入库', NULL, 180.00, 240.00, 420.00, 29, '退热止痛药补库', '2026-07-01 07:03:00'),
(5, 5, '采购入库', NULL, 300.00, 300.00, 600.00, 30, '解热镇痛药补库', '2026-07-01 07:04:00'),
(6, 1, '发药出库', 11, -1.00, 500.00, 499.00, 26, '门诊处方发药', '2026-07-01 10:35:00'),
(7, 2, '发药出库', 12, -1.00, 360.00, 359.00, 27, '门诊处方发药', '2026-07-01 10:36:00'),
(8, 3, '发药出库', 13, -1.00, 280.00, 279.00, 28, '门诊处方发药', '2026-07-01 10:37:00'),
(9, 4, '发药出库', 14, -1.00, 420.00, 419.00, 29, '门诊处方发药', '2026-07-01 10:38:00'),
(10, 5, '发药出库', 15, -1.00, 600.00, 599.00, 30, '门诊处方发药', '2026-07-01 10:39:00'),
(11, 1, '退药入库', 11, 1.00, 499.00, 500.00, 26, '退药审核入库', '2026-07-01 11:20:00'),
(12, 2, '退药入库', 12, 1.00, 359.00, 360.00, 27, '退药审核入库', '2026-07-01 11:21:00'),
(13, 3, '退药入库', 13, 1.00, 279.00, 280.00, 28, '退药审核入库', '2026-07-01 11:22:00'),
(14, 4, '退药入库', 14, 1.00, 419.00, 420.00, 29, '退药审核入库', '2026-07-01 11:23:00'),
(15, 5, '退药入库', 15, 1.00, 599.00, 600.00, 30, '退药审核入库', '2026-07-01 11:24:00');

INSERT INTO ai_call_log (call_id, user_id, doctor_id, patient_id, role_code, scene_code, business_type, business_id, prompt, response, model_name, api_key_ref, status, changed_business_status, error_message, started_at, completed_at) VALUES
(1, 1, 6, 1, 'TRIAGE_AI', 'TRIAGE_DEPT', 'AI_CONSULTATION', 1, '鼻塞流涕三天', '建议呼吸科普通门诊。', 'simulated-triage-v1', 'SIMULATED_KEY', '成功', 0, NULL, '2026-07-01 07:20:00', '2026-07-01 07:20:02'),
(2, 2, 7, 2, 'TRIAGE_AI', 'TRIAGE_DEPT', 'AI_CONSULTATION', 2, '血压波动一周', '建议心血管内科。', 'simulated-triage-v1', 'SIMULATED_KEY', '成功', 0, NULL, '2026-07-01 07:22:00', '2026-07-01 07:22:02'),
(3, 3, 8, 3, 'TRIAGE_AI', 'TRIAGE_DEPT', 'AI_CONSULTATION', 3, '发热咳嗽两天', '建议儿科。', 'simulated-triage-v1', 'SIMULATED_KEY', '成功', 0, NULL, '2026-07-01 07:24:00', '2026-07-01 07:24:02'),
(4, 4, 9, 4, 'TRIAGE_AI', 'TRIAGE_DEPT', 'AI_CONSULTATION', 4, '空腹血糖升高', '建议内分泌科。', 'simulated-triage-v1', 'SIMULATED_KEY', '成功', 1, NULL, '2026-07-01 07:26:00', '2026-07-01 07:26:02'),
(5, 5, 10, 5, 'TRIAGE_AI', 'TRIAGE_DEPT', 'AI_CONSULTATION', 5, '反复胃痛一周', '建议消化内科。', 'simulated-triage-v1', 'SIMULATED_KEY', '成功', 1, NULL, '2026-07-01 07:28:00', '2026-07-01 07:28:02'),
(6, 1, 6, 6, 'OUTPATIENT_AI', 'VISIT_SUMMARY', 'MEDICAL_RECORD', 6, '夜间喘息加重', '生成哮喘急性加重摘要。', 'simulated-outpatient-v1', 'SIMULATED_KEY', '失败', 0, '输入主诉过长导致摘要失败', '2026-07-01 08:21:00', '2026-07-01 08:21:03'),
(7, 2, 7, 7, 'OUTPATIENT_AI', 'VISIT_SUMMARY', 'MEDICAL_RECORD', 7, '胸闷胸痛半小时', '生成胸痛摘要失败。', 'simulated-outpatient-v1', 'SIMULATED_KEY', '失败', 0, '模型返回空结果', '2026-07-01 08:24:00', '2026-07-01 08:24:03'),
(8, 3, 8, 8, 'OUTPATIENT_AI', 'VISIT_SUMMARY', 'MEDICAL_RECORD', 8, '咳嗽咳痰十天', '生成慢阻肺摘要失败。', 'simulated-outpatient-v1', 'SIMULATED_KEY', '失败', 1, '网关返回500', '2026-07-01 08:27:00', '2026-07-01 08:27:03'),
(9, 4, 9, 9, 'OUTPATIENT_AI', 'VISIT_SUMMARY', 'MEDICAL_RECORD', 9, '剧烈头痛伴恶心', '生成头痛摘要失败。', 'simulated-outpatient-v1', 'SIMULATED_KEY', '失败', 1, '安全策略要求人工确认', '2026-07-01 08:30:00', '2026-07-01 08:30:03'),
(10, 5, 10, 10, 'OUTPATIENT_AI', 'VISIT_SUMMARY', 'MEDICAL_RECORD', 10, '儿童皮疹伴喘息', '生成过敏摘要失败。', 'simulated-outpatient-v1', 'SIMULATED_KEY', '失败', 0, '儿童急症场景转人工', '2026-07-01 08:33:00', '2026-07-01 08:33:03'),
(11, 1, 11, 16, 'EXAM_REPORT_AI', 'EXAM_DRAFT', 'EXAM_LAB_REPORT', 1, '胸部正位片所见', '等待模型返回。', 'simulated-exam-v1', 'SIMULATED_KEY', '超时', 0, '调用超过30秒', '2026-07-01 10:00:00', NULL),
(12, 2, 12, 17, 'EXAM_REPORT_AI', 'EXAM_DRAFT', 'EXAM_LAB_REPORT', 2, '腹部立位片所见', '等待模型返回。', 'simulated-exam-v1', 'SIMULATED_KEY', '超时', 0, '调用超过30秒', '2026-07-01 10:01:00', NULL),
(13, 3, 13, 18, 'EXAM_REPORT_AI', 'EXAM_DRAFT', 'EXAM_LAB_REPORT', 3, '腹部彩超所见', '等待模型返回。', 'simulated-exam-v1', 'SIMULATED_KEY', '超时', 1, '调用超过30秒', '2026-07-01 10:02:00', NULL),
(14, 4, 14, 19, 'EXAM_REPORT_AI', 'EXAM_DRAFT', 'EXAM_LAB_REPORT', 4, '甲状腺彩超所见', '等待模型返回。', 'simulated-exam-v1', 'SIMULATED_KEY', '超时', 1, '调用超过30秒', '2026-07-01 10:03:00', NULL),
(15, 5, 15, 20, 'EXAM_REPORT_AI', 'EXAM_DRAFT', 'EXAM_LAB_REPORT', 5, '头颅CT所见', '等待模型返回。', 'simulated-exam-v1', 'SIMULATED_KEY', '超时', 0, '调用超过30秒', '2026-07-01 10:04:00', NULL),
(16, 1, 16, 26, 'LAB_REPORT_AI', 'LAB_EXPLAIN', 'LAB_RESULT', 11, '白细胞结果解释', '用户取消本次解释。', 'simulated-lab-v1', 'SIMULATED_KEY', '已取消', 0, '用户主动取消', '2026-07-01 10:10:00', NULL),
(17, 2, 17, 27, 'LAB_REPORT_AI', 'LAB_EXPLAIN', 'LAB_RESULT', 12, 'CRP结果解释', '用户取消本次解释。', 'simulated-lab-v1', 'SIMULATED_KEY', '已取消', 0, '用户主动取消', '2026-07-01 10:11:00', NULL),
(18, 3, 18, 28, 'LAB_REPORT_AI', 'LAB_EXPLAIN', 'LAB_RESULT', 13, '肝功能结果解释', '用户取消本次解释。', 'simulated-lab-v1', 'SIMULATED_KEY', '已取消', 1, '用户主动取消', '2026-07-01 10:12:00', NULL),
(19, 4, 19, 29, 'LAB_REPORT_AI', 'LAB_EXPLAIN', 'LAB_RESULT', 14, '肾功能结果解释', '用户取消本次解释。', 'simulated-lab-v1', 'SIMULATED_KEY', '已取消', 1, '用户主动取消', '2026-07-01 10:13:00', NULL),
(20, 5, 20, 30, 'LAB_REPORT_AI', 'LAB_EXPLAIN', 'LAB_RESULT', 15, '空腹血糖结果解释', '用户取消本次解释。', 'simulated-lab-v1', 'SIMULATED_KEY', '已取消', 0, '用户主动取消', '2026-07-01 10:14:00', NULL);

COMMIT;
