-- ============================================================
-- seed-data.sql
-- 测试数据（与 schema.sql + change.sql 结构一致）
-- 执行顺序：schema.sql → change.sql → seed-data.sql
-- 所有数据之间保持正确的外键关联关系
-- ============================================================

USE doctor_platform;

-- 禁用外键检查（便于批量插入）
SET FOREIGN_KEY_CHECKS = 0;

-- ============================================================
-- 1. 角色表 sys_role
-- ============================================================
INSERT INTO sys_role (role_id, role_code, role_name, description, status)
VALUES
  (1, 'ADMIN',           '系统管理员', '最高权限，可管理所有模块', 1),
  (2, 'DOCTOR_CLINIC',   '门诊医生',   '基础门诊医生，可处理门诊排班', 1),
  (3, 'PHARMACY',        '药房人员',   '药房发药、退药操作', 1),
  (4, 'EXAM_DOCTOR',     '检查医生',   '负责检查操作（放射科、超声等）', 1),
  (5, 'DOCTOR_CHIEF',    '主任医师',   '主任医师，拥有更高权限', 1),
  (6, 'PATIENT',         '患者',       '患者端用户，可挂号、查看报告、缴费', 1),
  (7, 'LAB_DOCTOR',      '检验医生',   '负责检验操作（血液、尿液等）', 1),
  (8, 'REGISTRATION_DOCTOR','挂号医生','负责挂号登记和分诊', 1)
AS new
ON DUPLICATE KEY UPDATE
  role_code   = new.role_code,
  role_name   = new.role_name,
  description = new.description,
  status      = new.status;

-- ============================================================
-- 2. 用户表 sys_user
-- ============================================================
INSERT INTO sys_user (user_id, role_id, username, password, real_name, phone, email, status) VALUES
(1, 1, 'admin',    '123456', '张管理', '13800000001', 'admin@hospital.com', 1),
(2, 2, 'DOC202606291',  '123456', '李明',   '13800000002', 'liming@hospital.com', 1),
(3, 2, 'DOC202606292',  '123456', '王芳',   '13800000003', 'wangfang@hospital.com', 1),
(4, 3, 'PHAR202606293', '123456', '赵药师', '13800000004', 'zhaoyao@hospital.com', 1),
(5, 4, 'EXAM202606294', '123456', '陈伟',   '13800000005', 'chenwei@hospital.com', 1),
(6, 5, 'DOC202606295',  '123456', '刘主任', '13800000006', 'liuzhuren@hospital.com', 1),
(7, 6, 'patient01',     '123456', '周杰',   '13800000007', NULL, 1),
(8, 6, 'patient02',     '123456', '吴丽',   '13800000008', NULL, 1),
(9, 8, 'REG202606296',  '123456', '赵分诊', '13800000010', 'zhaofenzhen@hospital.com', 1),
(10, 7, 'LAB202606297', '123456', '钱检验', '13800000011', 'qianjianyan@hospital.com', 1);

-- ============================================================
-- 3. 科室表 department
-- ============================================================
INSERT INTO department (dept_id, parent_id, dept_code, dept_name, dept_type, floor, phone, location, description, status, sort_order) VALUES
(1,  NULL, 'INTERNAL',   '内科',     '诊疗科室', '2楼', '024-88001001', '门诊楼2楼', '内科诊疗中心', 1, 1),
(2,  NULL, 'SURGERY',    '外科',     '诊疗科室', '3楼', '024-88001002', '门诊楼3楼', '外科诊疗中心', 1, 2),
(3,  NULL, 'PEDIATRICS', '儿科',     '诊疗科室', '4楼', '024-88001003', '门诊楼4楼', '儿童疾病诊疗', 1, 3),
(4,  NULL, 'EMERGENCY',  '急诊科',   '诊疗科室', '1楼', '024-88001004', '门诊楼1楼', '24小时急诊',   1, 4),
(5,  NULL, 'RADIOLOGY',  '放射科',   '检查科室', 'B1',  '024-88001005', '住院楼B1层', '影像检查',     1, 5),
(6,  NULL, 'LAB',        '检验科',   '检验科室', 'B1',  '024-88001006', '住院楼B1层', '血液/尿液检验',1, 6),
(7,  NULL, 'PHARMACY_DEPT','药剂科',  '药房科室', '1楼', '024-88001007', '门诊楼1楼', '门诊药房',     1, 7),
(8,  1,    'CARDIO',     '心内科',   '诊疗科室', '2楼', '024-88002001', '门诊楼2楼', '心血管疾病诊疗', 1, 1),
(9,  1,    'NEURO',      '神经内科', '诊疗科室', '2楼', '024-88002002', '门诊楼2楼', '神经系统疾病',   1, 2),
(10, 2,    'ORTHO',      '骨科',     '诊疗科室', '3楼', '024-88002003', '门诊楼3楼', '骨骼关节疾病',   1, 1);

-- ============================================================
-- 4. 医生表 doctor
-- ============================================================
INSERT INTO doctor (doctor_id, user_id, dept_id, doctor_no, doctor_type, title, specialty, introduction, status) VALUES
(1, 2, 1,  'D202606291', '门诊医生', '副主任医师', '心血管疾病',  '从业15年，擅长冠心病、高血压诊治',       1),
(2, 3, 2,  'D202606292', '门诊医生', '主治医师',   '骨科创伤',    '从业8年，擅长骨折、关节置换',           1),
(3, 5, 1,  'D202606293', '检查医生', '主治医师',   '神经影像',    '从业10年，擅长脑血管影像诊断',         1),
(4, 6, 8,  'D202606294', '门诊医生', '主任医师',   '心律失常',    '从业25年，博士生导师，心血管领域权威',  1);

-- ============================================================
-- 5. 患者表 patient
-- ============================================================
INSERT INTO patient (patient_id, user_id, patient_no, patient_name, gender, birthday, id_card, phone, emergency_contact, emergency_phone, address, allergy_history, past_history, status) VALUES
(1, 7, 'P20260001', '周杰', '男', '1985-03-15', '210102198503150011', '13800000007', '周父', '13900000001', '沈阳市和平区南京街100号', '青霉素过敏', '高血压病史5年', 1),
(2, 8, 'P20260002', '吴丽', '女', '1990-07-22', '210102199007220022', '13800000008', '吴母', '13900000002', '沈阳市沈河区中街路88号',  NULL,           NULL,             1),
(3, NULL, 'P20260003', '孙强', '男', '1978-11-05', '210102197811050033', '13800000009', '孙妻', '13900000003', '沈阳市铁西区兴华街55号',  '磺胺类过敏',   '糖尿病3年',      1);

-- ============================================================
-- 6. 医生排班表 doctor_schedule
-- ============================================================
INSERT INTO doctor_schedule (schedule_id, doctor_id, dept_id, work_date, time_period, start_time, end_time, total_quota, remain_quota, registration_fee, status, source) VALUES
(1,  1, 1, '2026-06-30', '上午', '08:00:00', '12:00:00', 30, 25, 25.00, '可预约',  'MANUAL'),
(2,  1, 1, '2026-06-30', '下午', '14:00:00', '17:00:00', 20, 18, 25.00, '可预约',  'MANUAL'),
(3,  1, 1, '2026-07-01', '上午', '08:00:00', '12:00:00', 30, 30, 25.00, '可预约',  'AI_SUGGESTED'),
(4,  2, 2, '2026-06-30', '上午', '08:00:00', '12:00:00', 25, 20, 30.00, '可预约',  'MANUAL'),
(5,  2, 2, '2026-07-01', '下午', '14:00:00', '17:00:00', 25, 25, 30.00, '可预约',  'MANUAL'),
(6,  4, 8, '2026-06-30', '上午', '08:00:00', '12:00:00', 15, 10, 50.00, '可预约',  'MANUAL'),
(7,  4, 8, '2026-07-02', '上午', '08:00:00', '12:00:00', 15, 15, 50.00, '可预约',  'AI_SUGGESTED');

-- ============================================================
-- 7. AI 排班建议表 ai_schedule_suggestion
-- ============================================================
INSERT INTO ai_schedule_suggestion (suggestion_id, doctor_id, dept_id, work_date, time_period, suggested_quota, suggestion_reason, status, created_at, confirmed_at) VALUES
(1, 1, 1, '2026-07-01', '上午', 30, '近一周该时段预约率95%，建议增加号源', '已确认', '2026-06-25 10:00:00', '2026-06-26 09:00:00'),
(2, 4, 8, '2026-07-02', '上午', 15, '主任医师出诊需求高，建议增加一个半天', '已确认', '2026-06-25 10:00:00', '2026-06-26 09:00:00'),
(3, 2, 2, '2026-07-03', '下午', 20, '骨科下午号源紧张，建议增加排班',       '待确认', '2026-06-25 10:00:00', NULL);

-- ============================================================
-- 8. AI 排班建议明细表 ai_schedule_suggestion_detail
-- ============================================================
INSERT INTO ai_schedule_suggestion_detail (detail_id, suggestion_id, doctor_id, doctor_name, schedule_date, time_slot, max_appointments, reason, status) VALUES
(1, 1, 1, '李明', '2026-07-01', '上午', 30, '预约率高，建议增加号源至30', 'ACCEPTED'),
(2, 2, 4, '刘主任', '2026-07-02', '上午', 15, '主任医师出诊需求高', 'ACCEPTED'),
(3, 3, 2, '王芳', '2026-07-03', '下午', 20, '骨科下午号源紧张', 'PENDING');

-- ============================================================
-- 9. AI 咨询表 ai_consultation
-- ============================================================
INSERT INTO ai_consultation (consultation_id, patient_id, chief_complaint, symptom_detail, ai_summary, recommended_dept_id, risk_level, ai_result, status) VALUES
(1, 1, '胸闷气短', '近一周活动后胸闷，伴有心悸，休息后缓解', '疑似冠心病心绞痛，建议心内科就诊', 8, '紧急', '{"possible_diseases":["冠心病","心绞痛"],"confidence":0.85}', '已生成'),
(2, 2, '膝盖疼痛', '右膝关节疼痛两周，上下楼梯加重', '疑似骨关节炎，建议骨科就诊', 10, '普通', '{"possible_diseases":["骨关节炎","半月板损伤"],"confidence":0.72}', '已生成');

-- ============================================================
-- 10. 挂号记录表 registration
-- ============================================================
INSERT INTO registration (registration_id, patient_id, consultation_id, dept_id, doctor_id, schedule_id, operator_user_id, source, registration_no, queue_no, registration_fee, fee_status, status, registered_at, called_at) VALUES
(1, 1, 1, 8, 4, 6, 1, '线下', 'REG20260629001', 1, 50.00, '已支付', '待接诊', '2026-06-29 07:30:00', '2026-06-29 08:05:00'),
(2, 2, 2, 10, 2, 4, 1, '线上', 'REG20260629002', 2, 30.00, '已支付', '待接诊', '2026-06-29 07:45:00', NULL),
(3, 3, NULL, 1, 1, 1, 1, '线下', 'REG20260629003', 3, 25.00, '待支付', '待支付', '2026-06-29 07:50:00', NULL);

-- ============================================================
-- 11. 分诊记录表 triage_record
-- ============================================================
INSERT INTO triage_record (triage_id, patient_id, consultation_id, registration_id, triage_doctor_id, recommended_dept_id, chief_complaint, risk_level, triage_result, status) VALUES
(1, 1, 1, 1, 4, 8, '胸闷气短，活动后加重', '紧急', '建议优先就诊心内科，排除冠心病', '已分诊'),
(2, 2, 2, 2, 2, 10, '右膝关节疼痛两周', '普通', '建议骨科门诊就诊', '已分诊');

-- ============================================================
-- 12. 门诊就诊表 outpatient_visit
-- ============================================================
INSERT INTO outpatient_visit (visit_id, registration_id, patient_id, doctor_id, dept_id, visit_no, queue_no, status, started_at, finished_at) VALUES
(1, 1, 1, 4, 8, 'VIS20260629001', 1, '已完成', '2026-06-29 08:10:00', '2026-06-29 08:35:00'),
(2, 2, 2, 2, 10, 'VIS20260629002', 2, '接诊中', '2026-06-29 09:00:00', NULL);

-- ============================================================
-- 13. 病历表 medical_record
-- ============================================================
INSERT INTO medical_record (record_id, visit_id, patient_id, doctor_id, chief_complaint, present_illness, past_history, allergy_history, physical_exam, auxiliary_exam, diagnosis, treatment_advice, doctor_note, status, initial_saved_at, completed_at) VALUES
(1, 1, 1, 4, '胸闷气短一周', '患者一周前开始出现活动后胸闷，休息后缓解，伴有心悸', '高血压5年，规律服药', '青霉素过敏', 'BP 140/90mmHg，HR 88bpm，心律齐', '心电图示ST段压低', '冠心病 心绞痛', '1.阿司匹林100mg qd 2.阿托伐他汀20mg qn 3.建议冠脉造影', '患者症状典型，建议进一步检查', '已完成', '2026-06-29 08:20:00', '2026-06-29 08:35:00'),
(2, 2, 2, 2, '右膝疼痛两周', '两周前无明显诱因出现右膝疼痛，上下楼梯加重', NULL, NULL, '右膝关节肿胀，浮髌试验阳性', '右膝X线示关节间隙变窄', '右膝骨关节炎', '1.双氯芬酸钠外用 2.氨基葡萄糖口服 3.避免剧烈运动', NULL, '初诊暂存', '2026-06-29 09:10:00', NULL);

-- ============================================================
-- 14. 医疗项目表 medical_item
-- ============================================================
INSERT INTO medical_item (item_id, item_code, item_name, item_type, dept_id, unit, price, sample_type, clinical_meaning, status) VALUES
(1, 'ECG001',   '常规心电图',     '检查', 5, '次',  30.00, NULL,    '评估心脏电活动，筛查心律失常、心肌缺血', 1),
(2, 'XRAY001',  '胸部正位片',     '检查', 5, '次',  80.00, NULL,    '观察肺部、心脏、纵隔形态',               1),
(3, 'XRAY002',  '右膝关节正侧位', '检查', 5, '次',  80.00, NULL,    '观察膝关节骨骼及关节间隙',               1),
(4, 'BLOOD001', '血常规',         '检验', 6, '次',  25.00, '血液',  '评估血细胞数量及形态',                   1),
(5, 'BLOOD002', '心肌酶谱',       '检验', 6, '次', 120.00, '血液',  '评估心肌损伤标志物',                     1),
(6, 'BLOOD003', '血脂四项',       '检验', 6, '次',  60.00, '血液',  '评估血脂代谢情况',                       1),
(7, 'BLOOD004', '血糖',           '检验', 6, '次',  10.00, '血液',  '评估血糖水平',                           1);

-- ============================================================
-- 15. 检查检验订单表 exam_lab_order
-- ============================================================
INSERT INTO exam_lab_order (order_id, order_no, visit_id, record_id, patient_id, apply_doctor_id, execute_dept_id, order_type, clinical_diagnosis, purpose, total_amount, fee_status, status, applied_at, executed_at, completed_at) VALUES
(1, 'EXM20260629001', 1, 1, 1, 4, 5, '检查', '冠心病 心绞痛', '评估心脏功能', 110.00, '已支付', '已完成', '2026-06-29 08:15:00', '2026-06-29 09:00:00', '2026-06-29 09:20:00'),
(2, 'EXM20260629002', 1, 1, 1, 4, 6, '检验', '冠心病 心绞痛', '心肌损伤及血脂评估', 205.00, '已支付', '已完成', '2026-06-29 08:15:00', '2026-06-29 09:30:00', '2026-06-29 10:00:00'),
(3, 'EXM20260629003', 2, 2, 2, 2, 5, '检查', '右膝骨关节炎', '明确关节病变', 80.00, '已支付', '待执行', '2026-06-29 09:15:00', NULL, NULL);

-- ============================================================
-- 16. 检查检验明细表 exam_lab_order_item
-- ============================================================
INSERT INTO exam_lab_order_item (order_item_id, order_id, item_id, item_name, item_type, unit_price, quantity, amount, status, executed_at, result_summary) VALUES
(1, 1, 1, '常规心电图', '检查', 30.00, 1, 30.00, '已完成', '2026-06-29 09:05:00', '窦性心律，ST段II、III、aVF导联压低0.1mV'),
(2, 1, 2, '胸部正位片', '检查', 80.00, 1, 80.00, '已完成', '2026-06-29 09:10:00', '心影增大，主动脉迂曲'),
(3, 2, 4, '血常规', '检验', 25.00, 1, 25.00, '已完成', '2026-06-29 09:35:00', 'WBC 6.5×10^9/L，Hb 135g/L，PLT 210×10^9/L，均正常'),
(4, 2, 5, '心肌酶谱', '检验', 120.00, 1, 120.00, '已完成', '2026-06-29 09:35:00', 'CK-MB 18U/L（正常），cTnI 0.02ng/mL（正常）'),
(5, 2, 6, '血脂四项', '检验', 60.00, 1, 60.00, '已完成', '2026-06-29 09:35:00', 'TC 6.2mmol/L↑，LDL-C 4.1mmol/L↑，HDL-C 1.0mmol/L，TG 2.3mmol/L↑'),
(6, 3, 3, '右膝关节正侧位', '检查', 80.00, 1, 80.00, '待缴费', NULL, NULL);

-- ============================================================
-- 17. 检查检验报告表 exam_lab_report
-- ============================================================
INSERT INTO exam_lab_report (report_id, order_id, order_item_id, patient_id, report_doctor_id, report_no, report_type, findings, conclusion, ai_draft, doctor_review, status, published_at) VALUES
(1, 1, 1, 1, 4, 'RPT20260629001', '检查', '窦性心律，心率88次/分。ST段II、III、aVF导联压低约0.1mV，T波低平。', '1.窦性心律 2.ST-T改变，提示下壁心肌缺血', 'AI提示：ST段压低可能提示心肌缺血，建议结合心肌酶谱及临床症状综合判断', '同意AI分析，结合心肌酶谱结果，支持冠心病诊断', '已发布', '2026-06-29 09:25:00'),
(2, 1, 2, 1, 4, 'RPT20260629002', '检查', '双肺纹理清晰，心影增大，主动脉迂曲钙化。', '心影增大，主动脉硬化', 'AI提示：心影增大可能提示心脏负荷增加', '结合患者高血压病史，考虑高血压性心脏病', '已发布', '2026-06-29 09:25:00');

-- ============================================================
-- 18. 药品表 drug
-- ============================================================
INSERT INTO drug (drug_id, drug_code, drug_name, specification, dosage_form, manufacturer, unit, sale_price, stock_quantity, warning_quantity, contraindication, status) VALUES
(1, 'ASP001',  '阿司匹林肠溶片',   '100mg*30片',  '片剂',     '拜耳医药',       '盒', 28.50,  500, 50,  '活动性消化道溃疡、出血体质禁用', 1),
(2, 'ATV001',  '阿托伐他汀钙片',   '20mg*7片',    '片剂',     '辉瑞制药',       '盒', 42.00,  300, 30,  '活动性肝病、妊娠期禁用',         1),
(3, 'DCL001',  '双氯芬酸钠乳膏',   '20g:0.2g',    '乳膏剂',   '北京诺华制药',   '支', 18.00,  200, 20,  '皮肤破损处禁用',                 1),
(4, 'GLU001',  '盐酸氨基葡萄糖胶囊','0.75g*30粒',  '胶囊剂',   '山西中远威药业', '盒', 65.00,  150, 15,  '严重肝肾功能不全慎用',           1),
(5, 'MET001',  '美托洛尔缓释片',   '47.5mg*7片',  '缓释片',   '阿斯利康制药',   '盒', 35.00,  250, 25,  '心源性休克、II-III度房室传导阻滞禁用', 1);

-- ============================================================
-- 19. 处方表 prescription
-- ============================================================
INSERT INTO prescription (prescription_id, prescription_no, visit_id, record_id, patient_id, doctor_id, total_amount, fee_status, audit_status, status, diagnosis, usage_note, audit_doctor_id, audit_note, audited_at) VALUES
(1, 'RX20260629001', 1, 1, 1, 4, 70.50, '已支付', '审核通过', '已发药', '冠心病 心绞痛', '饭后服用，注意观察出血倾向', 6, '处方合理，同意发药', '2026-06-29 10:30:00'),
(2, 'RX20260629002', 2, 2, 2, 2, 83.00, '已支付', '审核通过', '待发药', '右膝骨关节炎', '外用乳膏涂患处，氨基葡萄糖饭后服', 6, '用法用量合理', '2026-06-29 10:35:00');

-- ============================================================
-- 20. 处方明细表 prescription_item
-- ============================================================
INSERT INTO prescription_item (prescription_item_id, prescription_id, drug_id, drug_name, specification, unit_price, quantity, amount, dosage, frequency, usage_method, days, status) VALUES
(1, 1, 1, '阿司匹林肠溶片', '100mg*30片', 0.95, 30, 28.50, '100mg', '每日1次', '口服', 30, '已发药'),
(2, 1, 2, '阿托伐他汀钙片', '20mg*7片',   6.00, 7,  42.00, '20mg',  '每晚1次', '口服', 7,  '已发药'),
(3, 2, 3, '双氯芬酸钠乳膏', '20g:0.2g',   18.00, 1, 18.00, '适量',  '每日2-3次', '外用', 14, '待发药'),
(4, 2, 4, '盐酸氨基葡萄糖胶囊','0.75g*30粒',2.17, 30, 65.00, '0.75g', '每日3次', '口服', 30, '待发药');

-- ============================================================
-- 21. 药房发药表 pharmacy_dispense
-- ============================================================
INSERT INTO pharmacy_dispense (dispense_id, prescription_id, patient_id, pharmacy_doctor_id, dispense_no, total_amount, status, audit_note, dispensed_at) VALUES
(1, 1, 1, 4, 'DSP20260629001', 70.50, '已发药', '药品核对无误', '2026-06-29 11:00:00'),
(2, 2, 2, 4, 'DSP20260629002', 83.00, '待发药', NULL, NULL);

-- ============================================================
-- 22. 药房退药表 pharmacy_return
-- ============================================================
INSERT INTO pharmacy_return (return_id, dispense_id, prescription_id, drug_id, return_no, return_quantity, return_amount, reason, status, operator_user_id, returned_at) VALUES
(1, 1, 1, 2, 'RET20260629001', 3, 18.00, '患者自述已有该药，退还剩余', '已退药', 4, '2026-06-29 14:00:00');

-- ============================================================
-- 23. 费用订单表 fee_order
-- ============================================================
INSERT INTO fee_order (fee_order_id, order_no, patient_id, registration_id, business_type, business_id, total_amount, paid_amount, refund_amount, status, created_by, paid_at) VALUES
(1, 'FEE20260629001', 1, 1, 'REGISTRATION', 1, 50.00, 50.00, 0.00, '已支付', 1, '2026-06-29 07:35:00'),
(2, 'FEE20260629002', 1, 1, 'EXAM_LAB_ORDER', 1, 110.00, 110.00, 0.00, '已支付', 1, '2026-06-29 08:20:00'),
(3, 'FEE20260629003', 1, 1, 'EXAM_LAB_ORDER', 2, 205.00, 205.00, 0.00, '已支付', 1, '2026-06-29 08:20:00'),
(4, 'FEE20260629004', 1, 1, 'PRESCRIPTION', 1, 70.50, 70.50, 18.00, '已退费', 1, '2026-06-29 10:35:00'),
(5, 'FEE20260629005', 2, 2, 'REGISTRATION', 2, 30.00, 30.00, 0.00, '已支付', 1, '2026-06-29 07:50:00'),
(6, 'FEE20260629006', 2, 2, 'EXAM_LAB_ORDER', 3, 80.00, 80.00, 0.00, '已支付', 1, '2026-06-29 09:20:00');

-- ============================================================
-- 24. 费用明细表 fee_order_item
-- ============================================================
INSERT INTO fee_order_item (fee_order_item_id, fee_order_id, item_type, item_id, item_name, unit_price, quantity, amount, status) VALUES
(1, 2, '检查', 1, '常规心电图', 30.00, 1, 30.00, '已支付'),
(2, 2, '检查', 2, '胸部正位片', 80.00, 1, 80.00, '已支付'),
(3, 3, '检验', 4, '血常规',     25.00, 1, 25.00, '已支付'),
(4, 3, '检验', 5, '心肌酶谱',  120.00, 1, 120.00, '已支付'),
(5, 3, '检验', 6, '血脂四项',   60.00, 1, 60.00, '已支付');

-- ============================================================
-- 25. 支付记录表 payment_record
-- ============================================================
INSERT INTO payment_record (payment_id, fee_order_id, payment_no, payment_method, payment_amount, payer_name, status, paid_at, operator_user_id, remark) VALUES
(1, 1, 'PAY20260629001', '微信',   50.00,  '周杰', '成功', '2026-06-29 07:35:00', 1, NULL),
(2, 2, 'PAY20260629002', '支付宝', 110.00, '周杰', '成功', '2026-06-29 08:20:00', 1, NULL),
(3, 3, 'PAY20260629003', '支付宝', 205.00, '周杰', '成功', '2026-06-29 08:20:00', 1, NULL),
(4, 4, 'PAY20260629004', '微信',   70.50,  '周杰', '成功', '2026-06-29 10:35:00', 1, NULL),
(5, 5, 'PAY20260629005', '微信',   30.00,  '吴丽', '成功', '2026-06-29 07:50:00', 1, NULL),
(6, 6, 'PAY20260629006', '现金',   80.00,  '吴丽', '成功', '2026-06-29 09:20:00', 1, NULL);

-- ============================================================
-- 26. 退款记录表 refund_record
-- ============================================================
INSERT INTO refund_record (refund_id, fee_order_id, payment_id, refund_no, refund_type, refund_amount, reason, status, requested_at, completed_at, operator_user_id) VALUES
(1, 4, 4, 'REF20260629001', '部分退费', 18.00, '患者退还阿托伐他汀3盒', '已完成', '2026-06-29 14:00:00', '2026-06-29 14:05:00', 1);

-- ============================================================
-- 27. 药品库存记录表 drug_stock_record
-- ============================================================
INSERT INTO drug_stock_record (stock_record_id, drug_id, business_type, business_id, change_quantity, before_quantity, after_quantity, operator_user_id, remark, created_at) VALUES
(1, 1, '发药出库', 1, -30, 530, 500, 4, '处方RX20260629001发药', '2026-06-29 11:00:00'),
(2, 2, '发药出库', 1, -7, 307, 300, 4, '处方RX20260629001发药', '2026-06-29 11:00:00'),
(3, 2, '退药入库', 1, 3, 300, 303, 4, '退药RET20260629001', '2026-06-29 14:00:00');

-- ============================================================
-- 28. AI 调用日志表 ai_call_log
-- ============================================================
INSERT INTO ai_call_log (call_id, user_id, doctor_id, patient_id, business_type, business_id, prompt, response, model_name, status, error_message, started_at, completed_at) VALUES
(1, 1, NULL, 1, 'AI咨询', 1, '患者主诉：胸闷气短，活动后加重。请分析可能的疾病。', '{"possible_diseases":["冠心病","心绞痛"],"recommended_dept":"心内科","risk_level":"紧急"}', 'simulated-ai', '成功', NULL, '2026-06-29 07:20:00', '2026-06-29 07:20:05'),
(2, 1, NULL, 2, 'AI咨询', 2, '患者主诉：膝盖疼痛两周，上下楼梯加重。请分析可能的疾病。', '{"possible_diseases":["骨关节炎","半月板损伤"],"recommended_dept":"骨科","risk_level":"普通"}', 'simulated-ai', '成功', NULL, '2026-06-29 07:40:00', '2026-06-29 07:40:03'),
(3, 1, NULL, NULL, 'AI排班', 1, '分析近一周心内科预约数据，生成排班建议。', '{"suggestions":[{"doctor_id":1,"date":"2026-07-01","period":"上午","quota":30}]}', 'simulated-ai', '成功', NULL, '2026-06-25 10:00:00', '2026-06-25 10:00:10');

-- 恢复外键检查
SET FOREIGN_KEY_CHECKS = 1;